cod_municipio,nome_municipio,populacao,porte,recebidos_de_fora,enviados_para_fora,saldo,taxa_evasao_pct
250750,João Pessoa,897633,Acima de 100 mil,43624,1863,41761,3.616633017549309
250400,Campina Grande,443911,Acima de 100 mil,32817,584,32233,1.7793485877944
251080,Patos,108104,Acima de 100 mil,11147,1205,9942,17.92088042831648
250370,Cajazeiras,66585,50 a 100 mil,4573,847,3726,16.673228346456693
250890,Mamanguape,46966,20 a 50 mil,4308,1556,2752,47.4390243902439
250630,Guarabira,60057,50 a 100 mil,4267,1677,2590,47.3728813559322
251620,Sousa,70066,50 a 100 mil,2862,947,1915,20.993127909554424
250430,Catolé do Rocha,32288,20 a 50 mil,2444,559,1885,23.252911813643927
251210,Pombal,33866,20 a 50 mil,2504,737,1767,30.143149284253578
251140,Picuí,18862,10 a 20 mil,2299,574,1725,44.22187981510015
250690,Itabaiana,23558,20 a 50 mil,2316,809,1507,56.57342657342657
251130,Piancó,17088,10 a 20 mil,1852,473,1379,48.216106014271155
250970,Monteiro,33886,20 a 50 mil,1942,1018,924,31.942265453404456
251370,Santa Rita,160852,Acima de 100 mil,6507,5788,719,57.89736921076323
251650,Taperoá,14358,10 a 20 mil,1362,696,666,50.58139534883721
251250,Queimadas,50698,50 a 100 mil,1988,1794,194,63.61702127659574
250485,Coxixola,1888,Ate 10 mil,0,85,-85,100.0
251455,São José de Princesa,3323,Ate 10 mil,0,103,-103,100.0
251230,Princesa Isabel,21674,20 a 50 mil,321,424,-103,42.4
251065,Parari,1745,Ate 10 mil,0,105,-105,100.0
251260,Quixaba,1803,Ate 10 mil,0,106,-106,100.0
250530,Curral Velho,2316,Ate 10 mil,0,126,-126,100.0
250115,Areia de Baraúnas,2027,Ate 10 mil,0,127,-127,100.0
251465,São José do Brejo do Cruz,1750,Ate 10 mil,0,133,-133,100.0
251710,Várzea,2777,Ate 10 mil,0,133,-133,100.0
250057,Algodão de Jandaíra,3143,Ate 10 mil,0,140,-140,100.0
251470,São José do Sabugi,4283,Ate 10 mil,0,142,-142,100.0
251396,São Domingos,2624,Ate 10 mil,0,147,-147,100.0
251335,Santa Inês,3256,Ate 10 mil,0,156,-156,100.0
250410,Carrapateira,2365,Ate 10 mil,0,157,-157,100.0
250937,Mato Grosso,2584,Ate 10 mil,0,159,-159,100.0
251394,São Domingos do Cariri,2688,Ate 10 mil,0,161,-161,100.0
251740,Zabelê,2323,Ate 10 mil,0,161,-161,100.0
251560,Serra da Raiz,3156,Ate 10 mil,0,162,-162,100.0
250650,Gurjão,3352,Ate 10 mil,0,163,-163,100.0
250620,Frei Martinho,2911,Ate 10 mil,0,164,-164,100.0
251365,Joca Claudino,2607,Ate 10 mil,0,169,-169,100.0
251070,Passagem,2580,Ate 10 mil,0,171,-171,100.0
250073,Amparo,2328,Ate 10 mil,0,180,-180,100.0
250550,Vista Serrana,3772,Ate 10 mil,0,186,-186,100.0
250590,Emas,3036,Ate 10 mil,0,186,-186,100.0
251278,Riacho de Santo Antônio,2063,Ate 10 mil,0,190,-190,100.0
251590,Serraria,4754,Ate 10 mil,0,190,-190,100.0
250340,Cacimba de Areia,3344,Ate 10 mil,0,190,-190,100.0
251570,Serra Grande,3056,Ate 10 mil,0,196,-196,100.0
251350,Santana de Mangueira,5090,Ate 10 mil,0,199,-199,100.0
251276,Riachão do Poço,4989,Ate 10 mil,0,203,-203,100.0
251398,São Francisco,3176,Ate 10 mil,0,205,-205,100.0
251060,Ouro Velho,3000,Ate 10 mil,0,206,-206,100.0
250840,Lastro,3316,Ate 10 mil,0,211,-211,100.0
250580,Duas Estradas,3360,Ate 10 mil,0,213,-213,100.0
251675,Tenório,3082,Ate 10 mil,0,217,-217,100.0
250205,Bernardino Batista,3677,Ate 10 mil,0,218,-218,100.0
251050,Olivedos,3675,Ate 10 mil,0,220,-220,100.0
251100,Pedra Branca,3851,Ate 10 mil,0,221,-221,100.0
250375,Cajazeirinhas,2760,Ate 10 mil,0,222,-222,100.0
251274,Riachão,2945,Ate 10 mil,0,223,-223,100.0
251520,São Sebastião do Umbuzeiro,3382,Ate 10 mil,0,226,-226,100.0
250855,Logradouro,5107,Ate 10 mil,0,226,-226,100.0
251480,São José dos Cordeiros,3462,Ate 10 mil,0,230,-230,100.0
251385,Santo André,2708,Ate 10 mil,0,234,-234,100.0
250870,Mãe d'Água,3599,Ate 10 mil,0,235,-235,100.0
251275,Riachão do Bacamarte,4911,Ate 10 mil,0,242,-242,100.0
250960,Monte Horebe,4429,Ate 10 mil,0,244,-244,100.0
251207,Poço de José de Moura,4126,Ate 10 mil,0,244,-244,100.0
251720,Vieirópolis,4967,Ate 10 mil,0,246,-246,100.0
250230,Bom Sucesso,4720,Ate 10 mil,0,248,-248,90.84249084249085
250535,Damião,5141,Ate 10 mil,0,250,-250,100.0
250810,Lagoa,4489,Ate 10 mil,0,251,-251,100.0
251460,São José do Bonfim,3337,Ate 10 mil,0,251,-251,100.0
251410,São João do Tigre,4359,Ate 10 mil,0,252,-252,100.0
251170,Pilõezinhos,5539,Ate 10 mil,0,254,-254,100.0
251380,Santa Teresinha,4492,Ate 10 mil,0,255,-255,100.0
251030,Nova Palmeira,4359,Ate 10 mil,0,256,-256,100.0
250270,Borborema,4185,Ate 10 mil,0,259,-259,100.0
250200,Belém do Brejo do Cruz,6272,Ate 10 mil,1,261,-260,73.93767705382436
251593,Sertãozinho,5332,Ate 10 mil,0,266,-266,100.0
251430,São José de Caiana,4966,Ate 10 mil,0,271,-271,100.0
250210,Boa Ventura,5246,Ate 10 mil,0,272,-272,100.0
250310,Cabaceiras,5537,Ate 10 mil,0,272,-272,100.0
251203,Poço Dantas,3934,Ate 10 mil,0,273,-273,100.0
251615,Sossêgo,3476,Ate 10 mil,0,275,-275,100.0
251440,São José de Espinharas,4056,Ate 10 mil,0,280,-280,100.0
251400,São João do Cariri,4345,Ate 10 mil,0,283,-283,100.0
250420,Catingueira,4556,Ate 10 mil,0,283,-283,100.0
250220,Bom Jesus,2328,Ate 10 mil,0,283,-283,100.0
250933,Matinhas,4759,Ate 10 mil,0,286,-286,100.0
251300,Salgadinho,3435,Ate 10 mil,0,287,-287,100.0
250990,Natuba,8935,Ate 10 mil,0,289,-289,100.0
250660,Ibiara,5713,Ate 10 mil,0,289,-289,100.0
251392,São Bentinho,4490,Ate 10 mil,0,297,-297,100.0
251640,Tacima,7794,Ate 10 mil,0,299,-299,100.0
251630,Sumé,17852,10 a 20 mil,315,614,-299,51.68350168350168
250020,Aguiar,5026,Ate 10 mil,0,303,-303,100.0
251550,Serra Branca,14131,10 a 20 mil,205,508,-303,66.05981794538361
251020,Nova Olinda,5897,Ate 10 mil,0,308,-308,100.0
250407,Caraúbas,4067,Ate 10 mil,0,309,-309,100.0
250470,Congo,5124,Ate 10 mil,0,309,-309,100.0
250780,Junco do Seridó,7019,Ate 10 mil,0,312,-312,100.0
250190,Belém,16710,10 a 20 mil,402,716,-314,75.68710359408034
250435,Caturité,5544,Ate 10 mil,0,317,-317,100.0
251220,Prata,4032,Ate 10 mil,0,317,-317,100.0
251360,Santana dos Garrotes,6618,Ate 10 mil,0,318,-318,100.0
251445,São José dos Ramos,6137,Ate 10 mil,0,321,-321,100.0
251320,Santa Cruz,6013,Ate 10 mil,0,321,-321,100.0
250135,Assunção,4383,Ate 10 mil,0,324,-324,100.0
251272,Pedro Régis,5932,Ate 10 mil,0,327,-327,100.0
250527,Curral de Cima,5415,Ate 10 mil,0,331,-331,100.0
250560,Diamante,6416,Ate 10 mil,0,338,-338,100.0
250740,Jericó,7728,Ate 10 mil,1,342,-341,84.65346534653466
250900,Manaíra,10699,10 a 20 mil,0,341,-341,100.0
251420,São José da Lagoa Tapada,7251,Ate 10 mil,0,345,-345,100.0
250260,Igaracy,5719,Ate 10 mil,0,345,-345,100.0
250915,Marizópolis,7001,Ate 10 mil,0,349,-349,100.0
250153,Baraúna,5010,Ate 10 mil,0,352,-352,100.0
251110,Pedra Lavrada,6980,Ate 10 mil,0,356,-356,77.22342733188721
250380,Caldas Brandão,5942,Ate 10 mil,0,356,-356,100.0
250523,Cuité de Mamanguape,6441,Ate 10 mil,0,369,-369,100.0
250415,Casserengue,7052,Ate 10 mil,0,376,-376,100.0
251660,Tavares,14473,10 a 20 mil,11,393,-382,40.47373841400618
250880,Malta,6288,Ate 10 mil,0,387,-387,100.0
251500,São Miguel de Taipu,7307,Ate 10 mil,0,389,-389,100.0
251160,Pilões,6974,Ate 10 mil,0,393,-393,100.0
250360,Caiçara,6684,Ate 10 mil,0,393,-393,100.0
250800,Juru,9380,Ate 10 mil,1,394,-393,67.12095400340715
250215,Boa Vista,6592,Ate 10 mil,0,398,-398,100.0
251330,Santa Helena,6023,Ate 10 mil,0,403,-403,100.0
251600,Solânea,27748,20 a 50 mil,754,1159,-405,61.94548369855692
250290,Brejo dos Santos,5816,Ate 10 mil,0,409,-409,100.0
251580,Serra Redonda,6975,Ate 10 mil,0,413,-413,100.0
250950,Montadas,6144,Ate 10 mil,0,416,-416,100.0
251040,Olho d'Água,6059,Ate 10 mil,0,428,-428,100.0
250355,Cacimbas,7513,Ate 10 mil,0,429,-429,100.0
250939,Maturéia,6717,Ate 10 mil,0,430,-430,100.0
250670,Imaculada,10497,10 a 20 mil,0,430,-430,100.0
250520,Cuitegi,6890,Ate 10 mil,0,431,-431,100.0
250170,Barra de São Miguel,6123,Ate 10 mil,0,435,-435,100.0
250450,Condado,6629,Ate 10 mil,0,437,-437,100.0
251000,Nazarezinho,7394,Ate 10 mil,0,445,-445,100.0
250077,Aparecida,8257,Ate 10 mil,0,451,-451,100.0
251597,Sobrado,8646,Ate 10 mil,0,451,-451,100.0
250760,Juarez Távora,8088,Ate 10 mil,0,453,-453,100.0
250090,Arara,12482,10 a 20 mil,0,456,-456,98.91540130151844
251700,Umbuzeiro,9274,Ate 10 mil,3,459,-456,91.07142857142857
251315,Santa Cecília,8113,Ate 10 mil,0,461,-461,100.0
250820,Lagoa de Dentro,8123,Ate 10 mil,0,464,-464,100.0
251490,São Mamede,7629,Ate 10 mil,0,465,-465,100.0
250403,Capim,7446,Ate 10 mil,0,467,-467,100.0
250120,Areial,7434,Ate 10 mil,0,470,-470,100.0
251340,Santa Luzia,15418,10 a 20 mil,229,701,-472,91.03896103896103
250390,Camalaú,6327,Ate 10 mil,0,488,-488,100.0
250240,Bonito de Santa Fé,10433,10 a 20 mil,6,495,-489,76.15384615384616
250500,Cubati,7842,Ate 10 mil,0,492,-492,100.0
250440,Conceição,18731,10 a 20 mil,159,651,-492,52.62732417138238
250157,Barra de Santana,8247,Ate 10 mil,0,501,-501,100.0
250570,Dona Inês,10638,10 a 20 mil,0,502,-502,100.0
250850,Livramento,7041,Ate 10 mil,0,503,-503,100.0
250625,Gado Bravo,8398,Ate 10 mil,0,504,-504,100.0
250930,Mataraca,8650,Ate 10 mil,0,511,-511,100.0
251280,Riacho dos Cavalos,8788,Ate 10 mil,0,526,-526,100.0
250980,Mulungu,8909,Ate 10 mil,0,532,-532,100.0
250010,Água Branca,9580,Ate 10 mil,3,536,-533,63.20754716981132
251510,São Sebastião de Lagoa de Roça,11387,10 a 20 mil,0,541,-541,100.0
251180,Pirpirituba,9411,Ate 10 mil,0,541,-541,100.0
250720,Itatuba,10840,10 a 20 mil,0,563,-563,100.0
250330,Cachoeira dos Índios,9335,Ate 10 mil,0,566,-566,100.0
251090,Paulista,12172,10 a 20 mil,15,590,-575,64.48087431693989
250053,Alcantil,5806,Ate 10 mil,0,575,-575,100.0
250790,Juripiranga,10255,10 a 20 mil,0,582,-582,100.0
251680,Triunfo,10315,10 a 20 mil,0,597,-597,100.0
251310,Salgado de São Félix,11741,10 a 20 mil,0,606,-606,100.0
250140,Baía da Traição,9741,Ate 10 mil,0,607,-607,100.0
250540,Desterro,8314,Ate 10 mil,0,607,-607,100.0
250480,Coremas,14987,10 a 20 mil,74,692,-618,45.0227716330514
251540,São Vicente do Seridó,10652,10 a 20 mil,0,634,-634,93.09838472834068
250160,Barra de Santa Rosa,13024,10 a 20 mil,0,641,-641,100.0
250280,Brejo do Cruz,14095,10 a 20 mil,0,644,-644,79.6044499381953
250860,Lucena,13088,10 a 20 mil,0,655,-655,100.0
250905,Marcação,9537,Ate 10 mil,0,668,-668,100.0
250350,Cacimba de Dentro,16332,10 a 20 mil,1,679,-678,97.97979797979798
250610,Fagundes,11307,10 a 20 mil,0,682,-682,100.0
250940,Mogeiro,14435,10 a 20 mil,0,703,-703,100.0
251200,Pocinhos,18038,10 a 20 mil,309,1018,-709,76.54135338345864
250100,Araruna,17360,10 a 20 mil,0,719,-719,100.0
251010,Nova Floresta,9840,Ate 10 mil,0,735,-735,100.0
250920,Massaranduba,14756,10 a 20 mil,1,754,-753,94.84276729559748
251690,Uiraúna,15431,10 a 20 mil,20,791,-771,36.20137299771167
251150,Pilar,12889,10 a 20 mil,0,777,-777,100.0
250070,São João do Rio do Peixe,18500,10 a 20 mil,64,848,-784,79.84934086629002
250640,Gurinhém,14141,10 a 20 mil,0,792,-792,100.0
250510,Cuité,20208,20 a 50 mil,20,820,-800,55.78231292517007
251610,Soledade,14409,10 a 20 mil,2,805,-803,78.07953443258972
251270,Remígio,18399,10 a 20 mil,0,804,-804,100.0
251190,Pitimbu,17166,10 a 20 mil,0,810,-810,100.0
250080,Araçagi,16991,10 a 20 mil,0,846,-846,100.0
250730,Jacaraú,14969,10 a 20 mil,0,879,-879,100.0
251670,Teixeira,15129,10 a 20 mil,0,880,-880,100.0
250050,Alagoinha,14140,10 a 20 mil,0,917,-917,100.0
250250,Boqueirão,18216,10 a 20 mil,70,1002,-932,80.67632850241546
251450,São José de Piranhas,19561,10 a 20 mil,21,966,-945,77.03349282296651
250150,Bananeiras,24134,20 a 50 mil,55,1000,-945,78.43137254901961
251240,Puxinanã,14942,10 a 20 mil,0,946,-946,100.0
250770,Juazeirinho,17520,10 a 20 mil,2,953,-951,93.89162561576354
250110,Areia,23031,20 a 50 mil,0,964,-964,87.23981900452489
250490,Cruz do Espírito Santo,17821,10 a 20 mil,0,991,-991,100.0
250300,Caaporã,21942,20 a 50 mil,3,1024,-1021,95.79045837231057
250130,Aroeiras,19142,10 a 20 mil,0,1025,-1025,80.77226162332545
250710,Itapororoca,19165,10 a 20 mil,103,1151,-1048,97.21283783783784
250680,Ingá,18234,10 a 20 mil,0,1075,-1075,100.0
250910,Mari,22170,20 a 50 mil,0,1082,-1082,100.0
250040,Alagoa Nova,21823,20 a 50 mil,1,1088,-1087,77.93696275071633
250030,Alagoa Grande,26655,20 a 50 mil,1,1187,-1186,81.13465481886534
251390,São Bento,33845,20 a 50 mil,41,1231,-1190,58.01131008482564
250700,Itaporanga,24766,20 a 50 mil,108,1308,-1200,93.83070301291248
250060,Alhandra,23065,20 a 50 mil,0,1247,-1247,100.0
250600,Esperança,32599,20 a 50 mil,6,1390,-1384,68.70983687592684
250830,Lagoa Seca,29209,20 a 50 mil,28,1435,-1407,83.91812865497076
251290,Rio Tinto,25500,20 a 50 mil,0,1472,-1472,100.0
251120,Pedras de Fogo,31356,20 a 50 mil,22,1591,-1569,74.65978413890193
250460,Conde,30007,20 a 50 mil,0,1833,-1833,100.0
250320,Cabedelo,70734,50 a 100 mil,120,2317,-2197,57.47953361448772
251530,Sapé,53457,50 a 100 mil,61,2372,-2311,80.13513513513513
250180,Bayeux,83862,50 a 100 mil,8,4718,-4710,99.68307627297698
