regiao,eixo,categoria,n,evadidos,taxa_evasao_pct,taxa_evasao_geral_regiao_pct,excesso_pp,n_min_ok
10ª Região - PB,ESPEC,01,2518,975,38.7,22.5,16.2,True
10ª Região - PB,ESPEC,02,1393,40,2.9,22.5,-19.6,True
10ª Região - PB,ESPEC,03,1945,323,16.6,22.5,-5.9,True
10ª Região - PB,ESPEC,05,18,18,100.0,22.5,77.5,False
10ª Região - PB,ESPEC,06,8,8,100.0,22.5,77.5,False
10ª Região - PB,ESPEC,07,1194,220,18.4,22.5,-4.0,True
10ª Região - PB,ESPEC,09,3,3,100.0,22.5,77.5,False
10ª Região - PB,ESPEC,10,5,5,100.0,22.5,77.5,False
11ª Região - PB,ESPEC,01,1508,977,64.8,54.4,10.4,True
11ª Região - PB,ESPEC,02,547,506,92.5,54.4,38.1,True
11ª Região - PB,ESPEC,03,1633,535,32.8,54.4,-21.7,True
11ª Região - PB,ESPEC,05,48,48,100.0,54.4,45.6,True
11ª Região - PB,ESPEC,07,542,261,48.2,54.4,-6.3,True
11ª Região - PB,ESPEC,09,2,2,100.0,54.4,45.6,False
12ª Região - PB,ESPEC,01,4208,3322,78.9,71.8,7.2,True
12ª Região - PB,ESPEC,02,1876,1169,62.3,71.8,-9.5,True
12ª Região - PB,ESPEC,03,3068,1846,60.2,71.8,-11.6,True
12ª Região - PB,ESPEC,04,1,1,100.0,71.8,28.2,False
12ª Região - PB,ESPEC,05,151,151,100.0,71.8,28.2,True
12ª Região - PB,ESPEC,06,20,20,100.0,71.8,28.2,False
12ª Região - PB,ESPEC,07,1029,903,87.8,71.8,16.0,True
12ª Região - PB,ESPEC,09,14,14,100.0,71.8,28.2,False
12ª Região - PB,ESPEC,10,6,6,100.0,71.8,28.2,False
12ª Região - PB,ESPEC,87,47,47,100.0,71.8,28.2,True
13ª Região - PB,ESPEC,01,1607,719,44.7,34.5,10.3,True
13ª Região - PB,ESPEC,02,621,274,44.1,34.5,9.6,True
13ª Região - PB,ESPEC,03,1629,260,16.0,34.5,-18.5,True
13ª Região - PB,ESPEC,04,1,1,100.0,34.5,65.5,False
13ª Região - PB,ESPEC,05,21,21,100.0,34.5,65.5,False
13ª Região - PB,ESPEC,07,383,185,48.3,34.5,13.8,True
13ª Região - PB,ESPEC,10,14,14,100.0,34.5,65.5,False
13ª Região - PB,ESPEC,87,1,1,100.0,34.5,65.5,False
14ª Região - PB,ESPEC,01,3629,2696,74.3,52.0,22.3,True
14ª Região - PB,ESPEC,02,2621,532,20.3,52.0,-31.7,True
14ª Região - PB,ESPEC,03,2608,1352,51.8,52.0,-0.2,True
14ª Região - PB,ESPEC,04,7,7,100.0,52.0,48.0,False
14ª Região - PB,ESPEC,05,151,151,100.0,52.0,48.0,True
14ª Região - PB,ESPEC,06,7,7,100.0,52.0,48.0,False
14ª Região - PB,ESPEC,07,1032,464,45.0,52.0,-7.0,True
14ª Região - PB,ESPEC,09,31,31,100.0,52.0,48.0,True
14ª Região - PB,ESPEC,10,8,8,100.0,52.0,48.0,False
14ª Região - PB,ESPEC,87,1,1,100.0,52.0,48.0,False
15ª Região - PB,ESPEC,01,3324,3173,95.5,71.6,23.9,True
15ª Região - PB,ESPEC,02,1761,1101,62.5,71.6,-9.0,True
15ª Região - PB,ESPEC,03,2732,1395,51.1,71.6,-20.5,True
15ª Região - PB,ESPEC,05,312,312,100.0,71.6,28.4,True
15ª Região - PB,ESPEC,06,1,1,100.0,71.6,28.4,False
15ª Região - PB,ESPEC,07,1275,709,55.6,71.6,-15.9,True
15ª Região - PB,ESPEC,09,3,3,100.0,71.6,28.4,False
15ª Região - PB,ESPEC,10,1,1,100.0,71.6,28.4,False
15ª Região - PB,ESPEC,87,131,131,100.0,71.6,28.4,True
16ª Região - PB,ESPEC,01,15161,749,4.9,4.1,0.8,True
16ª Região - PB,ESPEC,02,5054,326,6.5,4.1,2.3,True
16ª Região - PB,ESPEC,03,12521,444,3.5,4.1,-0.6,True
16ª Região - PB,ESPEC,05,1337,36,2.7,4.1,-1.5,True
16ª Região - PB,ESPEC,06,6,6,100.0,4.1,95.9,False
16ª Região - PB,ESPEC,07,7395,191,2.6,4.1,-1.6,True
16ª Região - PB,ESPEC,09,2,0,0.0,4.1,-4.1,False
16ª Região - PB,ESPEC,10,1,1,100.0,4.1,95.9,False
16ª Região - PB,ESPEC,87,828,0,0.0,4.1,-4.1,True
1ª Região Mata Atlântica - PB,ESPEC,01,31331,926,3.0,1.8,1.2,True
1ª Região Mata Atlântica - PB,ESPEC,02,13285,79,0.6,1.8,-1.2,True
1ª Região Mata Atlântica - PB,ESPEC,03,26022,237,0.9,1.8,-0.8,True
1ª Região Mata Atlântica - PB,ESPEC,04,120,0,0.0,1.8,-1.8,True
1ª Região Mata Atlântica - PB,ESPEC,05,1132,27,2.4,1.8,0.6,True
1ª Região Mata Atlântica - PB,ESPEC,06,393,0,0.0,1.8,-1.8,True
1ª Região Mata Atlântica - PB,ESPEC,07,8716,160,1.8,1.8,0.1,True
1ª Região Mata Atlântica - PB,ESPEC,09,287,0,0.0,1.8,-1.8,True
1ª Região Mata Atlântica - PB,ESPEC,10,284,0,0.0,1.8,-1.8,True
1ª Região Mata Atlântica - PB,ESPEC,87,4,4,100.0,1.8,98.2,False
2ª Região - PB,ESPEC,01,6145,4411,71.8,54.4,17.4,True
2ª Região - PB,ESPEC,02,3670,1023,27.9,54.4,-26.5,True
2ª Região - PB,ESPEC,03,5011,2144,42.8,54.4,-11.6,True
2ª Região - PB,ESPEC,04,9,9,100.0,54.4,45.6,False
2ª Região - PB,ESPEC,05,293,293,100.0,54.4,45.6,True
2ª Região - PB,ESPEC,06,16,16,100.0,54.4,45.6,False
2ª Região - PB,ESPEC,07,1353,1056,78.0,54.4,23.7,True
2ª Região - PB,ESPEC,09,23,23,100.0,54.4,45.6,False
2ª Região - PB,ESPEC,10,5,5,100.0,54.4,45.6,False
2ª Região - PB,ESPEC,87,6,6,100.0,54.4,45.6,False
3ª Região - PB,ESPEC,01,3785,3607,95.3,84.5,10.8,True
3ª Região - PB,ESPEC,02,1740,1593,91.6,84.5,7.0,True
3ª Região - PB,ESPEC,03,3370,2175,64.5,84.5,-20.0,True
3ª Região - PB,ESPEC,05,357,357,100.0,84.5,15.5,True
3ª Região - PB,ESPEC,06,2,2,100.0,84.5,15.5,False
3ª Região - PB,ESPEC,07,1364,1212,88.9,84.5,4.3,True
3ª Região - PB,ESPEC,87,197,197,100.0,84.5,15.5,True
4ª Região - PB,ESPEC,01,2990,1800,60.2,54.2,6.0,True
4ª Região - PB,ESPEC,02,1066,664,62.3,54.2,8.1,True
4ª Região - PB,ESPEC,03,2165,751,34.7,54.2,-19.5,True
4ª Região - PB,ESPEC,05,98,98,100.0,54.2,45.8,True
4ª Região - PB,ESPEC,07,705,473,67.1,54.2,12.9,True
4ª Região - PB,ESPEC,10,1,1,100.0,54.2,45.8,False
4ª Região - PB,ESPEC,87,50,50,100.0,54.2,45.8,True
5ª Região - PB,ESPEC,01,2796,1906,68.2,42.5,25.7,True
5ª Região - PB,ESPEC,02,1244,286,23.0,42.5,-19.5,True
5ª Região - PB,ESPEC,03,3137,821,26.2,42.5,-16.3,True
5ª Região - PB,ESPEC,05,123,123,100.0,42.5,57.5,True
5ª Região - PB,ESPEC,07,1100,398,36.2,42.5,-6.3,True
5ª Região - PB,ESPEC,10,1,1,100.0,42.5,57.5,False
5ª Região - PB,ESPEC,87,57,57,100.0,42.5,57.5,True
6ª Região - PB,ESPEC,01,5385,1946,36.1,24.3,11.8,True
6ª Região - PB,ESPEC,02,2779,59,2.1,24.3,-22.2,True
6ª Região - PB,ESPEC,03,3724,767,20.6,24.3,-3.7,True
6ª Região - PB,ESPEC,04,2,2,100.0,24.3,75.7,False
6ª Região - PB,ESPEC,05,271,271,100.0,24.3,75.7,True
6ª Região - PB,ESPEC,06,5,5,100.0,24.3,75.7,False
6ª Região - PB,ESPEC,07,2090,408,19.5,24.3,-4.8,True
6ª Região - PB,ESPEC,09,4,3,75.0,24.3,50.7,False
6ª Região - PB,ESPEC,10,2,2,100.0,24.3,75.7,False
6ª Região - PB,ESPEC,87,11,11,100.0,24.3,75.7,False
7ª Região - PB,ESPEC,01,2879,2606,90.5,56.4,34.1,True
7ª Região - PB,ESPEC,02,1585,728,45.9,56.4,-10.5,True
7ª Região - PB,ESPEC,03,3228,1063,32.9,56.4,-23.5,True
7ª Região - PB,ESPEC,04,2,2,100.0,56.4,43.6,False
7ª Região - PB,ESPEC,05,143,82,57.3,56.4,1.0,True
7ª Região - PB,ESPEC,06,3,3,100.0,56.4,43.6,False
7ª Região - PB,ESPEC,07,1069,535,50.0,56.4,-6.3,True
7ª Região - PB,ESPEC,09,2,2,100.0,56.4,43.6,False
7ª Região - PB,ESPEC,10,7,7,100.0,56.4,43.6,False
7ª Região - PB,ESPEC,87,1,1,100.0,56.4,43.6,False
8ª Região - PB,ESPEC,01,2759,1380,50.0,33.5,16.5,True
8ª Região - PB,ESPEC,02,1182,230,19.5,33.5,-14.1,True
8ª Região - PB,ESPEC,03,3048,605,19.8,33.5,-13.7,True
8ª Região - PB,ESPEC,04,3,3,100.0,33.5,66.5,False
8ª Região - PB,ESPEC,05,45,45,100.0,33.5,66.5,True
8ª Região - PB,ESPEC,07,547,273,49.9,33.5,16.4,True
8ª Região - PB,ESPEC,09,4,4,100.0,33.5,66.5,False
8ª Região - PB,ESPEC,10,2,2,100.0,33.5,66.5,False
8ª Região - PB,ESPEC,87,2,2,100.0,33.5,66.5,False
9ª Região - PB,ESPEC,01,4518,1477,32.7,21.6,11.1,True
9ª Região - PB,ESPEC,02,1639,265,16.2,21.6,-5.4,True
9ª Região - PB,ESPEC,03,5411,659,12.2,21.6,-9.4,True
9ª Região - PB,ESPEC,05,51,51,100.0,21.6,78.4,True
9ª Região - PB,ESPEC,06,2,2,100.0,21.6,78.4,False
9ª Região - PB,ESPEC,07,1756,430,24.5,21.6,2.9,True
9ª Região - PB,ESPEC,09,5,5,100.0,21.6,78.4,False
9ª Região - PB,ESPEC,10,1,1,100.0,21.6,78.4,False
9ª Região - PB,ESPEC,87,2,2,100.0,21.6,78.4,False
10ª Região - PB,COMPLEX,02,6431,1005,15.6,22.5,-6.8,True
10ª Região - PB,COMPLEX,03,653,587,89.9,22.5,67.4,True
11ª Região - PB,COMPLEX,02,3966,2015,50.8,54.4,-3.6,True
11ª Região - PB,COMPLEX,03,314,314,100.0,54.4,45.6,True
12ª Região - PB,COMPLEX,02,9452,6514,68.9,71.8,-2.9,True
12ª Região - PB,COMPLEX,03,968,965,99.7,71.8,27.9,True
13ª Região - PB,COMPLEX,02,3856,1068,27.7,34.5,-6.8,True
13ª Região - PB,COMPLEX,03,421,407,96.7,34.5,62.2,True
14ª Região - PB,COMPLEX,02,9318,4508,48.4,52.0,-3.6,True
14ª Região - PB,COMPLEX,03,777,741,95.4,52.0,43.4,True
15ª Região - PB,COMPLEX,02,8811,6097,69.2,71.6,-2.4,True
15ª Região - PB,COMPLEX,03,729,729,100.0,71.6,28.4,True
16ª Região - PB,COMPLEX,02,38670,1326,3.4,4.1,-0.7,True
16ª Região - PB,COMPLEX,03,3635,427,11.7,4.1,7.6,True
1ª Região Mata Atlântica - PB,COMPLEX,02,72115,1350,1.9,1.8,0.1,True
1ª Região Mata Atlântica - PB,COMPLEX,03,9459,83,0.9,1.8,-0.9,True
2ª Região - PB,COMPLEX,02,15134,7590,50.2,54.4,-4.2,True
2ª Região - PB,COMPLEX,03,1397,1396,99.9,54.4,45.6,True
3ª Região - PB,COMPLEX,02,9947,8275,83.2,84.5,-1.3,True
3ª Região - PB,COMPLEX,03,868,868,100.0,84.5,15.5,True
4ª Região - PB,COMPLEX,02,6496,3307,50.9,54.2,-3.3,True
4ª Região - PB,COMPLEX,03,579,530,91.5,54.2,37.3,True
5ª Região - PB,COMPLEX,02,7746,2926,37.8,42.5,-4.7,True
5ª Região - PB,COMPLEX,03,712,666,93.5,42.5,51.1,True
6ª Região - PB,COMPLEX,02,12680,2796,22.1,24.3,-2.3,True
6ª Região - PB,COMPLEX,03,1593,678,42.6,24.3,18.2,True
7ª Região - PB,COMPLEX,02,8164,4275,52.4,56.4,-4.0,True
7ª Região - PB,COMPLEX,03,755,754,99.9,56.4,43.5,True
8ª Região - PB,COMPLEX,02,6889,1848,26.8,33.5,-6.7,True
8ª Região - PB,COMPLEX,03,703,696,99.0,33.5,65.5,True
9ª Região - PB,COMPLEX,02,12472,1987,15.9,21.6,-5.7,True
9ª Região - PB,COMPLEX,03,913,905,99.1,21.6,77.5,True
10ª Região - PB,CAR_INT,01,1828,922,50.4,22.5,28.0,True
10ª Região - PB,CAR_INT,02,5256,670,12.7,22.5,-9.7,True
11ª Região - PB,CAR_INT,01,1170,681,58.2,54.4,3.8,True
11ª Região - PB,CAR_INT,02,3110,1648,53.0,54.4,-1.4,True
12ª Região - PB,CAR_INT,01,3088,2228,72.2,71.8,0.4,True
12ª Região - PB,CAR_INT,02,7331,5250,71.6,71.8,-0.2,True
12ª Região - PB,CAR_INT,05,1,1,100.0,71.8,28.2,False
13ª Região - PB,CAR_INT,01,1128,616,54.6,34.5,20.1,True
13ª Região - PB,CAR_INT,02,3148,858,27.3,34.5,-7.2,True
13ª Região - PB,CAR_INT,06,1,1,100.0,34.5,65.5,False
14ª Região - PB,CAR_INT,01,2445,1814,74.2,52.0,22.2,True
14ª Região - PB,CAR_INT,02,7650,3435,44.9,52.0,-7.1,True
15ª Região - PB,CAR_INT,01,2289,2212,96.6,71.6,25.1,True
15ª Região - PB,CAR_INT,02,7242,4605,63.6,71.6,-8.0,True
15ª Região - PB,CAR_INT,05,4,4,100.0,71.6,28.4,False
15ª Região - PB,CAR_INT,06,5,5,100.0,71.6,28.4,False
16ª Região - PB,CAR_INT,01,10695,649,6.1,4.1,1.9,True
16ª Região - PB,CAR_INT,02,31584,1104,3.5,4.1,-0.6,True
16ª Região - PB,CAR_INT,05,14,0,0.0,4.1,-4.1,False
16ª Região - PB,CAR_INT,06,12,0,0.0,4.1,-4.1,False
1ª Região Mata Atlântica - PB,CAR_INT,01,20030,780,3.9,1.8,2.1,True
1ª Região Mata Atlântica - PB,CAR_INT,02,61539,653,1.1,1.8,-0.7,True
1ª Região Mata Atlântica - PB,CAR_INT,06,5,0,0.0,1.8,-1.8,False
2ª Região - PB,CAR_INT,01,4439,2909,65.5,54.4,11.2,True
2ª Região - PB,CAR_INT,02,12090,6075,50.2,54.4,-4.1,True
2ª Região - PB,CAR_INT,05,1,1,100.0,54.4,45.6,False
2ª Região - PB,CAR_INT,06,1,1,100.0,54.4,45.6,False
3ª Região - PB,CAR_INT,01,2499,2248,90.0,84.5,5.4,True
3ª Região - PB,CAR_INT,02,8302,6881,82.9,84.5,-1.7,True
3ª Região - PB,CAR_INT,05,8,8,100.0,84.5,15.5,False
3ª Região - PB,CAR_INT,06,6,6,100.0,84.5,15.5,False
4ª Região - PB,CAR_INT,01,1811,1191,65.8,54.2,11.5,True
4ª Região - PB,CAR_INT,02,5258,2640,50.2,54.2,-4.0,True
4ª Região - PB,CAR_INT,05,2,2,100.0,54.2,45.8,False
4ª Região - PB,CAR_INT,06,4,4,100.0,54.2,45.8,False
5ª Região - PB,CAR_INT,01,2046,1153,56.4,42.5,13.9,True
5ª Região - PB,CAR_INT,02,6408,2436,38.0,42.5,-4.5,True
5ª Região - PB,CAR_INT,05,3,3,100.0,42.5,57.5,False
5ª Região - PB,CAR_INT,06,1,0,0.0,42.5,-42.5,False
6ª Região - PB,CAR_INT,01,3772,1853,49.1,24.3,24.8,True
6ª Região - PB,CAR_INT,02,10498,1620,15.4,24.3,-8.9,True
6ª Região - PB,CAR_INT,05,2,0,0.0,24.3,-24.3,False
6ª Região - PB,CAR_INT,06,1,1,100.0,24.3,75.7,False
7ª Região - PB,CAR_INT,01,2761,1861,67.4,56.4,11.0,True
7ª Região - PB,CAR_INT,02,6158,3168,51.4,56.4,-4.9,True
8ª Região - PB,CAR_INT,01,1961,1104,56.3,33.5,22.8,True
8ª Região - PB,CAR_INT,02,5630,1439,25.6,33.5,-7.9,True
8ª Região - PB,CAR_INT,05,1,1,100.0,33.5,66.5,False
9ª Região - PB,CAR_INT,01,3227,1366,42.3,21.6,20.7,True
9ª Região - PB,CAR_INT,02,10156,1524,15.0,21.6,-6.6,True
9ª Região - PB,CAR_INT,06,2,2,100.0,21.6,78.4,False
10ª Região - PB,capitulo_cid,A,323,24,7.4,22.5,-15.0,True
10ª Região - PB,capitulo_cid,B,36,14,38.9,22.5,16.4,True
10ª Região - PB,capitulo_cid,C,426,411,96.5,22.5,74.0,True
10ª Região - PB,capitulo_cid,D,270,75,27.8,22.5,5.3,True
10ª Região - PB,capitulo_cid,E,155,15,9.7,22.5,-12.8,True
10ª Região - PB,capitulo_cid,F,169,18,10.7,22.5,-11.8,True
10ª Região - PB,capitulo_cid,G,96,44,45.8,22.5,23.4,True
10ª Região - PB,capitulo_cid,H,31,14,45.2,22.5,22.7,True
10ª Região - PB,capitulo_cid,I,574,240,41.8,22.5,19.3,True
10ª Região - PB,capitulo_cid,J,1207,214,17.7,22.5,-4.7,True
10ª Região - PB,capitulo_cid,K,820,100,12.2,22.5,-10.3,True
10ª Região - PB,capitulo_cid,L,85,12,14.1,22.5,-8.4,True
10ª Região - PB,capitulo_cid,M,111,91,82.0,22.5,59.5,True
10ª Região - PB,capitulo_cid,N,404,62,15.3,22.5,-7.1,True
10ª Região - PB,capitulo_cid,O,1392,40,2.9,22.5,-19.6,True
10ª Região - PB,capitulo_cid,P,181,35,19.3,22.5,-3.1,True
10ª Região - PB,capitulo_cid,Q,47,33,70.2,22.5,47.7,True
10ª Região - PB,capitulo_cid,R,52,25,48.1,22.5,25.6,True
10ª Região - PB,capitulo_cid,S,586,93,15.9,22.5,-6.6,True
10ª Região - PB,capitulo_cid,T,76,16,21.1,22.5,-1.4,True
10ª Região - PB,capitulo_cid,Z,43,16,37.2,22.5,14.7,True
11ª Região - PB,capitulo_cid,A,346,47,13.6,54.4,-40.8,True
11ª Região - PB,capitulo_cid,B,18,9,50.0,54.4,-4.4,False
11ª Região - PB,capitulo_cid,C,212,207,97.6,54.4,43.2,True
11ª Região - PB,capitulo_cid,D,118,88,74.6,54.4,20.2,True
11ª Região - PB,capitulo_cid,E,95,39,41.1,54.4,-13.4,True
11ª Região - PB,capitulo_cid,F,57,50,87.7,54.4,33.3,True
11ª Região - PB,capitulo_cid,G,45,29,64.4,54.4,10.0,True
11ª Região - PB,capitulo_cid,H,19,10,52.6,54.4,-1.8,False
11ª Região - PB,capitulo_cid,I,355,240,67.6,54.4,13.2,True
11ª Região - PB,capitulo_cid,J,662,251,37.9,54.4,-16.5,True
11ª Região - PB,capitulo_cid,K,390,188,48.2,54.4,-6.2,True
11ª Região - PB,capitulo_cid,L,66,19,28.8,54.4,-25.6,True
11ª Região - PB,capitulo_cid,M,63,50,79.4,54.4,24.9,True
11ª Região - PB,capitulo_cid,N,429,119,27.7,54.4,-26.7,True
11ª Região - PB,capitulo_cid,O,807,536,66.4,54.4,12.0,True
11ª Região - PB,capitulo_cid,P,65,64,98.5,54.4,44.0,True
11ª Região - PB,capitulo_cid,Q,30,28,93.3,54.4,38.9,True
11ª Região - PB,capitulo_cid,R,137,43,31.4,54.4,-23.0,True
11ª Região - PB,capitulo_cid,S,239,232,97.1,54.4,42.7,True
11ª Região - PB,capitulo_cid,T,74,65,87.8,54.4,33.4,True
11ª Região - PB,capitulo_cid,Z,53,15,28.3,54.4,-26.1,True
12ª Região - PB,capitulo_cid,A,382,277,72.5,71.8,0.7,True
12ª Região - PB,capitulo_cid,B,53,50,94.3,71.8,22.6,True
12ª Região - PB,capitulo_cid,C,645,627,97.2,71.8,25.4,True
12ª Região - PB,capitulo_cid,D,326,253,77.6,71.8,5.8,True
12ª Região - PB,capitulo_cid,E,256,160,62.5,71.8,-9.3,True
12ª Região - PB,capitulo_cid,F,204,201,98.5,71.8,26.8,True
12ª Região - PB,capitulo_cid,G,81,78,96.3,71.8,24.5,True
12ª Região - PB,capitulo_cid,H,58,53,91.4,71.8,19.6,True
12ª Região - PB,capitulo_cid,I,718,589,82.0,71.8,10.3,True
12ª Região - PB,capitulo_cid,J,1150,539,46.9,71.8,-24.9,True
12ª Região - PB,capitulo_cid,K,1404,764,54.4,71.8,-17.4,True
12ª Região - PB,capitulo_cid,L,205,119,58.0,71.8,-13.7,True
12ª Região - PB,capitulo_cid,M,159,155,97.5,71.8,25.7,True
12ª Região - PB,capitulo_cid,N,929,602,64.8,71.8,-7.0,True
12ª Região - PB,capitulo_cid,O,2066,1357,65.7,71.8,-6.1,True
12ª Região - PB,capitulo_cid,P,234,232,99.1,71.8,27.4,True
12ª Região - PB,capitulo_cid,Q,90,81,90.0,71.8,18.2,True
12ª Região - PB,capitulo_cid,R,131,124,94.7,71.8,22.9,True
12ª Região - PB,capitulo_cid,S,731,730,99.9,71.8,28.1,True
12ª Região - PB,capitulo_cid,T,256,251,98.0,71.8,26.3,True
12ª Região - PB,capitulo_cid,U,10,10,100.0,71.8,28.2,False
12ª Região - PB,capitulo_cid,Z,332,227,68.4,71.8,-3.4,True
13ª Região - PB,capitulo_cid,A,135,28,20.7,34.5,-13.7,True
13ª Região - PB,capitulo_cid,B,28,23,82.1,34.5,47.7,False
13ª Região - PB,capitulo_cid,C,319,245,76.8,34.5,42.3,True
13ª Região - PB,capitulo_cid,D,118,50,42.4,34.5,7.9,True
13ª Região - PB,capitulo_cid,E,92,14,15.2,34.5,-19.3,True
13ª Região - PB,capitulo_cid,F,25,25,100.0,34.5,65.5,False
13ª Região - PB,capitulo_cid,G,42,23,54.8,34.5,20.3,True
13ª Região - PB,capitulo_cid,H,12,5,41.7,34.5,7.2,False
13ª Região - PB,capitulo_cid,I,438,226,51.6,34.5,17.1,True
13ª Região - PB,capitulo_cid,J,609,137,22.5,34.5,-12.0,True
13ª Região - PB,capitulo_cid,K,544,111,20.4,34.5,-14.1,True
13ª Região - PB,capitulo_cid,L,50,12,24.0,34.5,-10.5,True
13ª Região - PB,capitulo_cid,M,86,20,23.3,34.5,-11.2,True
13ª Região - PB,capitulo_cid,N,282,78,27.7,34.5,-6.8,True
13ª Região - PB,capitulo_cid,O,634,285,45.0,34.5,10.5,True
13ª Região - PB,capitulo_cid,P,60,54,90.0,34.5,55.5,True
13ª Região - PB,capitulo_cid,Q,22,19,86.4,34.5,51.9,False
13ª Região - PB,capitulo_cid,R,34,14,41.2,34.5,6.7,True
13ª Região - PB,capitulo_cid,S,508,67,13.2,34.5,-21.3,True
13ª Região - PB,capitulo_cid,T,61,29,47.5,34.5,13.1,True
13ª Região - PB,capitulo_cid,U,1,1,100.0,34.5,65.5,False
13ª Região - PB,capitulo_cid,Z,177,9,5.1,34.5,-29.4,True
14ª Região - PB,capitulo_cid,A,350,186,53.1,52.0,1.1,True
14ª Região - PB,capitulo_cid,B,114,88,77.2,52.0,25.2,True
14ª Região - PB,capitulo_cid,C,396,384,97.0,52.0,45.0,True
14ª Região - PB,capitulo_cid,D,265,183,69.1,52.0,17.1,True
14ª Região - PB,capitulo_cid,E,193,121,62.7,52.0,10.7,True
14ª Região - PB,capitulo_cid,F,165,153,92.7,52.0,40.7,True
14ª Região - PB,capitulo_cid,G,120,82,68.3,52.0,16.3,True
14ª Região - PB,capitulo_cid,H,48,41,85.4,52.0,33.4,True
14ª Região - PB,capitulo_cid,I,654,529,80.9,52.0,28.9,True
14ª Região - PB,capitulo_cid,J,788,232,29.4,52.0,-22.6,True
14ª Região - PB,capitulo_cid,K,1088,781,71.8,52.0,19.8,True
14ª Região - PB,capitulo_cid,L,242,119,49.2,52.0,-2.8,True
14ª Região - PB,capitulo_cid,M,211,86,40.8,52.0,-11.2,True
14ª Região - PB,capitulo_cid,N,832,509,61.2,52.0,9.2,True
14ª Região - PB,capitulo_cid,O,1963,529,26.9,52.0,-25.0,True
14ª Região - PB,capitulo_cid,P,275,131,47.6,52.0,-4.4,True
14ª Região - PB,capitulo_cid,Q,76,73,96.1,52.0,44.1,True
14ª Região - PB,capitulo_cid,R,667,86,12.9,52.0,-39.1,True
14ª Região - PB,capitulo_cid,S,863,493,57.1,52.0,5.1,True
14ª Região - PB,capitulo_cid,T,221,206,93.2,52.0,41.2,True
14ª Região - PB,capitulo_cid,Z,564,237,42.0,52.0,-10.0,True
15ª Região - PB,capitulo_cid,A,314,165,52.5,71.6,-19.0,True
15ª Região - PB,capitulo_cid,B,23,17,73.9,71.6,2.4,False
15ª Região - PB,capitulo_cid,C,612,607,99.2,71.6,27.6,True
15ª Região - PB,capitulo_cid,D,227,199,87.7,71.6,16.1,True
15ª Região - PB,capitulo_cid,E,290,184,63.4,71.6,-8.1,True
15ª Região - PB,capitulo_cid,F,446,445,99.8,71.6,28.2,True
15ª Região - PB,capitulo_cid,G,98,77,78.6,71.6,7.0,True
15ª Região - PB,capitulo_cid,H,87,67,77.0,71.6,5.5,True
15ª Região - PB,capitulo_cid,I,524,422,80.5,71.6,9.0,True
15ª Região - PB,capitulo_cid,J,1243,425,34.2,71.6,-37.4,True
15ª Região - PB,capitulo_cid,K,1015,892,87.9,71.6,16.3,True
15ª Região - PB,capitulo_cid,L,207,106,51.2,71.6,-20.3,True
15ª Região - PB,capitulo_cid,M,229,220,96.1,71.6,24.5,True
15ª Região - PB,capitulo_cid,N,699,395,56.5,71.6,-15.0,True
15ª Região - PB,capitulo_cid,O,2085,1283,61.5,71.6,-10.0,True
15ª Região - PB,capitulo_cid,P,296,214,72.3,71.6,0.7,True
15ª Região - PB,capitulo_cid,Q,50,48,96.0,71.6,24.4,True
15ª Região - PB,capitulo_cid,R,67,42,62.7,71.6,-8.9,True
15ª Região - PB,capitulo_cid,S,660,659,99.8,71.6,28.3,True
15ª Região - PB,capitulo_cid,T,196,195,99.5,71.6,27.9,True
15ª Região - PB,capitulo_cid,U,11,11,100.0,71.6,28.4,False
15ª Região - PB,capitulo_cid,Z,161,153,95.0,71.6,23.5,True
16ª Região - PB,capitulo_cid,A,1834,51,2.8,4.1,-1.4,True
16ª Região - PB,capitulo_cid,B,270,13,4.8,4.1,0.7,True
16ª Região - PB,capitulo_cid,C,2853,111,3.9,4.1,-0.3,True
16ª Região - PB,capitulo_cid,D,1007,59,5.9,4.1,1.7,True
16ª Região - PB,capitulo_cid,E,1169,56,4.8,4.1,0.6,True
16ª Região - PB,capitulo_cid,F,2198,62,2.8,4.1,-1.3,True
16ª Região - PB,capitulo_cid,G,431,56,13.0,4.1,8.8,True
16ª Região - PB,capitulo_cid,H,663,41,6.2,4.1,2.0,True
16ª Região - PB,capitulo_cid,I,2931,189,6.4,4.1,2.3,True
16ª Região - PB,capitulo_cid,J,5330,179,3.4,4.1,-0.8,True
16ª Região - PB,capitulo_cid,K,4461,118,2.6,4.1,-1.5,True
16ª Região - PB,capitulo_cid,L,1028,14,1.4,4.1,-2.8,True
16ª Região - PB,capitulo_cid,M,937,55,5.9,4.1,1.7,True
16ª Região - PB,capitulo_cid,N,3593,111,3.1,4.1,-1.1,True
16ª Região - PB,capitulo_cid,O,6741,370,5.5,4.1,1.3,True
16ª Região - PB,capitulo_cid,P,1153,46,4.0,4.1,-0.2,True
16ª Região - PB,capitulo_cid,Q,255,68,26.7,4.1,22.5,True
16ª Região - PB,capitulo_cid,R,401,31,7.7,4.1,3.6,True
16ª Região - PB,capitulo_cid,S,2728,23,0.8,4.1,-3.3,True
16ª Região - PB,capitulo_cid,T,750,29,3.9,4.1,-0.3,True
16ª Região - PB,capitulo_cid,U,235,0,0.0,4.1,-4.1,True
16ª Região - PB,capitulo_cid,Z,1337,71,5.3,4.1,1.2,True
1ª Região Mata Atlântica - PB,capitulo_cid,A,5194,37,0.7,1.8,-1.0,True
1ª Região Mata Atlântica - PB,capitulo_cid,B,1385,5,0.4,1.8,-1.4,True
1ª Região Mata Atlântica - PB,capitulo_cid,C,5048,7,0.1,1.8,-1.6,True
1ª Região Mata Atlântica - PB,capitulo_cid,D,2440,62,2.5,1.8,0.8,True
1ª Região Mata Atlântica - PB,capitulo_cid,E,1699,22,1.3,1.8,-0.5,True
1ª Região Mata Atlântica - PB,capitulo_cid,F,1227,31,2.5,1.8,0.8,True
1ª Região Mata Atlântica - PB,capitulo_cid,G,1031,16,1.6,1.8,-0.2,True
1ª Região Mata Atlântica - PB,capitulo_cid,H,397,9,2.3,1.8,0.5,True
1ª Região Mata Atlântica - PB,capitulo_cid,I,7423,40,0.5,1.8,-1.2,True
1ª Região Mata Atlântica - PB,capitulo_cid,J,7092,183,2.6,1.8,0.8,True
1ª Região Mata Atlântica - PB,capitulo_cid,K,8382,368,4.4,1.8,2.6,True
1ª Região Mata Atlântica - PB,capitulo_cid,L,1786,25,1.4,1.8,-0.4,True
1ª Região Mata Atlântica - PB,capitulo_cid,M,1379,129,9.4,1.8,7.6,True
1ª Região Mata Atlântica - PB,capitulo_cid,N,7018,86,1.2,1.8,-0.5,True
1ª Região Mata Atlântica - PB,capitulo_cid,O,14365,77,0.5,1.8,-1.2,True
1ª Região Mata Atlântica - PB,capitulo_cid,P,1866,5,0.3,1.8,-1.5,True
1ª Região Mata Atlântica - PB,capitulo_cid,Q,517,5,1.0,1.8,-0.8,True
1ª Região Mata Atlântica - PB,capitulo_cid,R,1718,18,1.0,1.8,-0.7,True
1ª Região Mata Atlântica - PB,capitulo_cid,S,6269,221,3.5,1.8,1.8,True
1ª Região Mata Atlântica - PB,capitulo_cid,T,2539,12,0.5,1.8,-1.3,True
1ª Região Mata Atlântica - PB,capitulo_cid,U,3,1,33.3,1.8,31.6,False
1ª Região Mata Atlântica - PB,capitulo_cid,Z,2796,74,2.6,1.8,0.9,True
2ª Região - PB,capitulo_cid,A,864,327,37.8,54.4,-16.5,True
2ª Região - PB,capitulo_cid,B,126,69,54.8,54.4,0.4,True
2ª Região - PB,capitulo_cid,C,797,782,98.1,54.4,43.8,True
2ª Região - PB,capitulo_cid,D,467,259,55.5,54.4,1.1,True
2ª Região - PB,capitulo_cid,E,447,272,60.9,54.4,6.5,True
2ª Região - PB,capitulo_cid,F,309,302,97.7,54.4,43.4,True
2ª Região - PB,capitulo_cid,G,168,143,85.1,54.4,30.8,True
2ª Região - PB,capitulo_cid,H,59,53,89.8,54.4,35.5,True
2ª Região - PB,capitulo_cid,I,1245,936,75.2,54.4,20.8,True
2ª Região - PB,capitulo_cid,J,1460,677,46.4,54.4,-8.0,True
2ª Região - PB,capitulo_cid,K,2259,722,32.0,54.4,-22.4,True
2ª Região - PB,capitulo_cid,L,280,148,52.9,54.4,-1.5,True
2ª Região - PB,capitulo_cid,M,273,230,84.2,54.4,29.9,True
2ª Região - PB,capitulo_cid,N,1156,666,57.6,54.4,3.3,True
2ª Região - PB,capitulo_cid,O,3787,1090,28.8,54.4,-25.6,True
2ª Região - PB,capitulo_cid,P,360,250,69.4,54.4,15.1,True
2ª Região - PB,capitulo_cid,Q,152,146,96.1,54.4,41.7,True
2ª Região - PB,capitulo_cid,R,233,145,62.2,54.4,7.9,True
2ª Região - PB,capitulo_cid,S,1086,1062,97.8,54.4,43.4,True
2ª Região - PB,capitulo_cid,T,402,373,92.8,54.4,38.4,True
2ª Região - PB,capitulo_cid,U,2,2,100.0,54.4,45.6,False
2ª Região - PB,capitulo_cid,Z,599,332,55.4,54.4,1.1,True
3ª Região - PB,capitulo_cid,A,442,271,61.3,84.5,-23.2,True
3ª Região - PB,capitulo_cid,B,59,52,88.1,84.5,3.6,True
3ª Região - PB,capitulo_cid,C,687,682,99.3,84.5,14.7,True
3ª Região - PB,capitulo_cid,D,275,234,85.1,84.5,0.6,True
3ª Região - PB,capitulo_cid,E,255,194,76.1,84.5,-8.5,True
3ª Região - PB,capitulo_cid,F,554,553,99.8,84.5,15.3,True
3ª Região - PB,capitulo_cid,G,89,82,92.1,84.5,7.6,True
3ª Região - PB,capitulo_cid,H,71,64,90.1,84.5,5.6,True
3ª Região - PB,capitulo_cid,I,843,648,76.9,84.5,-7.7,True
3ª Região - PB,capitulo_cid,J,1187,687,57.9,84.5,-26.7,True
3ª Região - PB,capitulo_cid,K,1074,997,92.8,84.5,8.3,True
3ª Região - PB,capitulo_cid,L,225,139,61.8,84.5,-22.8,True
3ª Região - PB,capitulo_cid,M,191,184,96.3,84.5,11.8,True
3ª Região - PB,capitulo_cid,N,688,478,69.5,84.5,-15.1,True
3ª Região - PB,capitulo_cid,O,2148,1994,92.8,84.5,8.3,True
3ª Região - PB,capitulo_cid,P,323,316,97.8,84.5,13.3,True
3ª Região - PB,capitulo_cid,Q,63,61,96.8,84.5,12.3,True
3ª Região - PB,capitulo_cid,R,121,53,43.8,84.5,-40.7,True
3ª Região - PB,capitulo_cid,S,936,936,100.0,84.5,15.5,True
3ª Região - PB,capitulo_cid,T,195,195,100.0,84.5,15.5,True
3ª Região - PB,capitulo_cid,U,32,32,100.0,84.5,15.5,True
3ª Região - PB,capitulo_cid,Z,357,291,81.5,84.5,-3.0,True
4ª Região - PB,capitulo_cid,A,212,70,33.0,54.2,-21.2,True
4ª Região - PB,capitulo_cid,B,38,13,34.2,54.2,-20.0,True
4ª Região - PB,capitulo_cid,C,445,379,85.2,54.2,30.9,True
4ª Região - PB,capitulo_cid,D,373,125,33.5,54.2,-20.7,True
4ª Região - PB,capitulo_cid,E,268,53,19.8,54.2,-34.5,True
4ª Região - PB,capitulo_cid,F,151,150,99.3,54.2,45.1,True
4ª Região - PB,capitulo_cid,G,75,60,80.0,54.2,25.8,True
4ª Região - PB,capitulo_cid,H,55,45,81.8,54.2,27.6,True
4ª Região - PB,capitulo_cid,I,462,246,53.2,54.2,-1.0,True
4ª Região - PB,capitulo_cid,J,729,209,28.7,54.2,-25.6,True
4ª Região - PB,capitulo_cid,K,833,430,51.6,54.2,-2.6,True
4ª Região - PB,capitulo_cid,L,173,45,26.0,54.2,-28.2,True
4ª Região - PB,capitulo_cid,M,233,115,49.4,54.2,-4.9,True
4ª Região - PB,capitulo_cid,N,479,202,42.2,54.2,-12.1,True
4ª Região - PB,capitulo_cid,O,1216,814,66.9,54.2,12.7,True
4ª Região - PB,capitulo_cid,P,176,170,96.6,54.2,42.4,True
4ª Região - PB,capitulo_cid,Q,43,42,97.7,54.2,43.4,True
4ª Região - PB,capitulo_cid,R,82,47,57.3,54.2,3.1,True
4ª Região - PB,capitulo_cid,S,620,393,63.4,54.2,9.2,True
4ª Região - PB,capitulo_cid,T,139,92,66.2,54.2,12.0,True
4ª Região - PB,capitulo_cid,U,7,7,100.0,54.2,45.8,False
4ª Região - PB,capitulo_cid,Z,266,130,48.9,54.2,-5.4,True
5ª Região - PB,capitulo_cid,A,506,74,14.6,42.5,-27.8,True
5ª Região - PB,capitulo_cid,B,38,17,44.7,42.5,2.3,True
5ª Região - PB,capitulo_cid,C,489,410,83.8,42.5,41.4,True
5ª Região - PB,capitulo_cid,D,254,77,30.3,42.5,-12.2,True
5ª Região - PB,capitulo_cid,E,279,117,41.9,42.5,-0.5,True
5ª Região - PB,capitulo_cid,F,188,180,95.7,42.5,53.3,True
5ª Região - PB,capitulo_cid,G,93,59,63.4,42.5,21.0,True
5ª Região - PB,capitulo_cid,H,47,25,53.2,42.5,10.7,True
5ª Região - PB,capitulo_cid,I,715,362,50.6,42.5,8.2,True
5ª Região - PB,capitulo_cid,J,1127,215,19.1,42.5,-23.4,True
5ª Região - PB,capitulo_cid,K,927,426,46.0,42.5,3.5,True
5ª Região - PB,capitulo_cid,L,276,64,23.2,42.5,-19.3,True
5ª Região - PB,capitulo_cid,M,206,167,81.1,42.5,38.6,True
5ª Região - PB,capitulo_cid,N,703,173,24.6,42.5,-17.9,True
5ª Região - PB,capitulo_cid,O,1305,374,28.7,42.5,-13.8,True
5ª Região - PB,capitulo_cid,P,131,104,79.4,42.5,36.9,True
5ª Região - PB,capitulo_cid,Q,39,32,82.1,42.5,39.6,True
5ª Região - PB,capitulo_cid,R,170,39,22.9,42.5,-19.5,True
5ª Região - PB,capitulo_cid,S,622,515,82.8,42.5,40.3,True
5ª Região - PB,capitulo_cid,T,175,97,55.4,42.5,13.0,True
5ª Região - PB,capitulo_cid,U,4,4,100.0,42.5,57.5,False
5ª Região - PB,capitulo_cid,Z,164,61,37.2,42.5,-5.3,True
6ª Região - PB,capitulo_cid,A,429,94,21.9,24.3,-2.4,True
6ª Região - PB,capitulo_cid,B,46,21,45.7,24.3,21.3,True
6ª Região - PB,capitulo_cid,C,1347,339,25.2,24.3,0.8,True
6ª Região - PB,capitulo_cid,D,708,212,29.9,24.3,5.6,True
6ª Região - PB,capitulo_cid,E,191,77,40.3,24.3,16.0,True
6ª Região - PB,capitulo_cid,F,310,285,91.9,24.3,67.6,True
6ª Região - PB,capitulo_cid,G,142,81,57.0,24.3,32.7,True
6ª Região - PB,capitulo_cid,H,78,56,71.8,24.3,47.5,True
6ª Região - PB,capitulo_cid,I,1261,302,23.9,24.3,-0.4,True
6ª Região - PB,capitulo_cid,J,1954,669,34.2,24.3,9.9,True
6ª Região - PB,capitulo_cid,K,1425,372,26.1,24.3,1.8,True
6ª Região - PB,capitulo_cid,L,130,56,43.1,24.3,18.7,True
6ª Região - PB,capitulo_cid,M,238,187,78.6,24.3,54.2,True
6ª Região - PB,capitulo_cid,N,775,274,35.4,24.3,11.0,True
6ª Região - PB,capitulo_cid,O,2960,61,2.1,24.3,-22.3,True
6ª Região - PB,capitulo_cid,P,360,21,5.8,24.3,-18.5,True
6ª Região - PB,capitulo_cid,Q,83,71,85.5,24.3,61.2,True
6ª Região - PB,capitulo_cid,R,227,26,11.5,24.3,-12.9,True
6ª Região - PB,capitulo_cid,S,1078,143,13.3,24.3,-11.1,True
6ª Região - PB,capitulo_cid,T,355,63,17.7,24.3,-6.6,True
6ª Região - PB,capitulo_cid,U,1,1,100.0,24.3,75.7,False
6ª Região - PB,capitulo_cid,Z,175,63,36.0,24.3,11.7,True
7ª Região - PB,capitulo_cid,A,362,80,22.1,56.4,-34.3,True
7ª Região - PB,capitulo_cid,B,50,41,82.0,56.4,25.6,True
7ª Região - PB,capitulo_cid,C,604,559,92.5,56.4,36.2,True
7ª Região - PB,capitulo_cid,D,347,177,51.0,56.4,-5.4,True
7ª Região - PB,capitulo_cid,E,169,55,32.5,56.4,-23.8,True
7ª Região - PB,capitulo_cid,F,158,84,53.2,56.4,-3.2,True
7ª Região - PB,capitulo_cid,G,74,51,68.9,56.4,12.5,True
7ª Região - PB,capitulo_cid,H,27,17,63.0,56.4,6.6,False
7ª Região - PB,capitulo_cid,I,712,405,56.9,56.4,0.5,True
7ª Região - PB,capitulo_cid,J,1403,487,34.7,56.4,-21.7,True
7ª Região - PB,capitulo_cid,K,950,540,56.8,56.4,0.5,True
7ª Região - PB,capitulo_cid,L,164,33,20.1,56.4,-36.3,True
7ª Região - PB,capitulo_cid,M,201,172,85.6,56.4,29.2,True
7ª Região - PB,capitulo_cid,N,494,252,51.0,56.4,-5.4,True
7ª Região - PB,capitulo_cid,O,1621,757,46.7,56.4,-9.7,True
7ª Região - PB,capitulo_cid,P,143,141,98.6,56.4,42.2,True
7ª Região - PB,capitulo_cid,Q,47,44,93.6,56.4,37.2,True
7ª Região - PB,capitulo_cid,R,221,55,24.9,56.4,-31.5,True
7ª Região - PB,capitulo_cid,S,907,897,98.9,56.4,42.5,True
7ª Região - PB,capitulo_cid,T,137,102,74.5,56.4,18.1,True
7ª Região - PB,capitulo_cid,U,2,2,100.0,56.4,43.6,False
7ª Região - PB,capitulo_cid,Z,126,78,61.9,56.4,5.5,True
8ª Região - PB,capitulo_cid,A,319,59,18.5,33.5,-15.0,True
8ª Região - PB,capitulo_cid,B,33,19,57.6,33.5,24.1,True
8ª Região - PB,capitulo_cid,C,440,428,97.3,33.5,63.8,True
8ª Região - PB,capitulo_cid,D,287,68,23.7,33.5,-9.8,True
8ª Região - PB,capitulo_cid,E,182,56,30.8,33.5,-2.7,True
8ª Região - PB,capitulo_cid,F,53,52,98.1,33.5,64.6,True
8ª Região - PB,capitulo_cid,G,78,31,39.7,33.5,6.2,True
8ª Região - PB,capitulo_cid,H,12,5,41.7,33.5,8.2,False
8ª Região - PB,capitulo_cid,I,894,431,48.2,33.5,14.7,True
8ª Região - PB,capitulo_cid,J,1024,273,26.7,33.5,-6.8,True
8ª Região - PB,capitulo_cid,K,1028,193,18.8,33.5,-14.7,True
8ª Região - PB,capitulo_cid,L,117,12,10.3,33.5,-23.3,True
8ª Região - PB,capitulo_cid,M,128,110,85.9,33.5,52.4,True
8ª Região - PB,capitulo_cid,N,579,139,24.0,33.5,-9.5,True
8ª Região - PB,capitulo_cid,O,1213,247,20.4,33.5,-13.1,True
8ª Região - PB,capitulo_cid,P,71,71,100.0,33.5,66.5,True
8ª Região - PB,capitulo_cid,Q,44,36,81.8,33.5,48.3,True
8ª Região - PB,capitulo_cid,R,74,51,68.9,33.5,35.4,True
8ª Região - PB,capitulo_cid,S,675,189,28.0,33.5,-5.5,True
8ª Região - PB,capitulo_cid,T,109,38,34.9,33.5,1.4,True
8ª Região - PB,capitulo_cid,U,1,1,100.0,33.5,66.5,False
8ª Região - PB,capitulo_cid,Z,231,35,15.2,33.5,-18.4,True
9ª Região - PB,capitulo_cid,A,1049,78,7.4,21.6,-14.2,True
9ª Região - PB,capitulo_cid,B,92,22,23.9,21.6,2.3,True
9ª Região - PB,capitulo_cid,C,590,519,88.0,21.6,66.4,True
9ª Região - PB,capitulo_cid,D,428,127,29.7,21.6,8.1,True
9ª Região - PB,capitulo_cid,E,286,41,14.3,21.6,-7.3,True
9ª Região - PB,capitulo_cid,F,61,56,91.8,21.6,70.2,True
9ª Região - PB,capitulo_cid,G,96,58,60.4,21.6,38.8,True
9ª Região - PB,capitulo_cid,H,57,18,31.6,21.6,10.0,True
9ª Região - PB,capitulo_cid,I,1270,503,39.6,21.6,18.0,True
9ª Região - PB,capitulo_cid,J,2555,338,13.2,21.6,-8.4,True
9ª Região - PB,capitulo_cid,K,1451,217,15.0,21.6,-6.7,True
9ª Região - PB,capitulo_cid,L,185,18,9.7,21.6,-11.9,True
9ª Região - PB,capitulo_cid,M,237,162,68.4,21.6,46.7,True
9ª Região - PB,capitulo_cid,N,1141,105,9.2,21.6,-12.4,True
9ª Região - PB,capitulo_cid,O,1714,270,15.8,21.6,-5.9,True
9ª Região - PB,capitulo_cid,P,261,95,36.4,21.6,14.8,True
9ª Região - PB,capitulo_cid,Q,86,52,60.5,21.6,38.9,True
9ª Região - PB,capitulo_cid,R,344,39,11.3,21.6,-10.3,True
9ª Região - PB,capitulo_cid,S,1157,108,9.3,21.6,-12.3,True
9ª Região - PB,capitulo_cid,T,168,43,25.6,21.6,4.0,True
9ª Região - PB,capitulo_cid,U,2,2,100.0,21.6,78.4,False
9ª Região - PB,capitulo_cid,Z,155,21,13.5,21.6,-8.1,True
10ª Região - PB,uti_flag,False,6614,1290,19.5,22.5,-3.0,True
10ª Região - PB,uti_flag,True,470,302,64.3,22.5,41.8,True
11ª Região - PB,uti_flag,False,3979,2028,51.0,54.4,-3.4,True
11ª Região - PB,uti_flag,True,301,301,100.0,54.4,45.6,True
12ª Região - PB,uti_flag,False,9620,6679,69.4,71.8,-2.3,True
12ª Região - PB,uti_flag,True,800,800,100.0,71.8,28.2,True
13ª Região - PB,uti_flag,False,3807,1189,31.2,34.5,-3.3,True
13ª Região - PB,uti_flag,True,470,286,60.9,34.5,26.4,True
14ª Região - PB,uti_flag,False,9337,4678,50.1,52.0,-1.9,True
14ª Região - PB,uti_flag,True,758,571,75.3,52.0,23.3,True
15ª Região - PB,uti_flag,False,8827,6113,69.3,71.6,-2.3,True
15ª Região - PB,uti_flag,True,713,713,100.0,71.6,28.4,True
16ª Região - PB,uti_flag,False,38361,1487,3.9,4.1,-0.3,True
16ª Região - PB,uti_flag,True,3944,266,6.7,4.1,2.6,True
1ª Região Mata Atlântica - PB,uti_flag,False,73657,1358,1.8,1.8,0.1,True
1ª Região Mata Atlântica - PB,uti_flag,True,7917,75,0.9,1.8,-0.8,True
2ª Região - PB,uti_flag,False,15260,7909,51.8,54.4,-2.5,True
2ª Região - PB,uti_flag,True,1271,1077,84.7,54.4,30.4,True
3ª Região - PB,uti_flag,False,9858,8186,83.0,84.5,-1.5,True
3ª Região - PB,uti_flag,True,957,957,100.0,84.5,15.5,True
4ª Região - PB,uti_flag,False,6672,3460,51.9,54.2,-2.4,True
4ª Região - PB,uti_flag,True,403,377,93.5,54.2,39.3,True
5ª Região - PB,uti_flag,False,7840,3125,39.9,42.5,-2.6,True
5ª Região - PB,uti_flag,True,618,467,75.6,42.5,33.1,True
6ª Região - PB,uti_flag,False,12833,3064,23.9,24.3,-0.5,True
6ª Região - PB,uti_flag,True,1440,410,28.5,24.3,4.1,True
7ª Região - PB,uti_flag,False,8137,4404,54.1,56.4,-2.3,True
7ª Região - PB,uti_flag,True,782,625,79.9,56.4,23.5,True
8ª Região - PB,uti_flag,False,6839,2054,30.0,33.5,-3.5,True
8ª Região - PB,uti_flag,True,753,490,65.1,33.5,31.6,True
9ª Região - PB,uti_flag,False,12568,2240,17.8,21.6,-3.8,True
9ª Região - PB,uti_flag,True,817,652,79.8,21.6,58.2,True
