regiao_res,regiao_int,mes,internacoes,evasao_regional
10ª Região - PB,10ª Região - PB,1,425,False
10ª Região - PB,10ª Região - PB,2,405,False
10ª Região - PB,10ª Região - PB,3,500,False
10ª Região - PB,10ª Região - PB,4,455,False
10ª Região - PB,10ª Região - PB,5,503,False
10ª Região - PB,10ª Região - PB,6,444,False
10ª Região - PB,10ª Região - PB,7,487,False
10ª Região - PB,10ª Região - PB,8,480,False
10ª Região - PB,10ª Região - PB,9,504,False
10ª Região - PB,10ª Região - PB,10,479,False
10ª Região - PB,10ª Região - PB,11,404,False
10ª Região - PB,10ª Região - PB,12,406,False
10ª Região - PB,13ª Região - PB,2,5,True
10ª Região - PB,13ª Região - PB,3,8,True
10ª Região - PB,13ª Região - PB,4,5,True
10ª Região - PB,13ª Região - PB,5,8,True
10ª Região - PB,13ª Região - PB,6,10,True
10ª Região - PB,13ª Região - PB,7,8,True
10ª Região - PB,13ª Região - PB,8,4,True
10ª Região - PB,13ª Região - PB,9,6,True
10ª Região - PB,13ª Região - PB,10,5,True
10ª Região - PB,13ª Região - PB,11,3,True
10ª Região - PB,14ª Região - PB,5,1,True
10ª Região - PB,14ª Região - PB,10,2,True
10ª Região - PB,16ª Região - PB,1,27,True
10ª Região - PB,16ª Região - PB,2,27,True
10ª Região - PB,16ª Região - PB,3,37,True
10ª Região - PB,16ª Região - PB,4,21,True
10ª Região - PB,16ª Região - PB,5,34,True
10ª Região - PB,16ª Região - PB,6,32,True
10ª Região - PB,16ª Região - PB,7,36,True
10ª Região - PB,16ª Região - PB,8,40,True
10ª Região - PB,16ª Região - PB,9,22,True
10ª Região - PB,16ª Região - PB,10,40,True
10ª Região - PB,16ª Região - PB,11,33,True
10ª Região - PB,16ª Região - PB,12,17,True
10ª Região - PB,1ª Região Mata Atlântica - PB,1,31,True
10ª Região - PB,1ª Região Mata Atlântica - PB,2,52,True
10ª Região - PB,1ª Região Mata Atlântica - PB,3,49,True
10ª Região - PB,1ª Região Mata Atlântica - PB,4,34,True
10ª Região - PB,1ª Região Mata Atlântica - PB,5,54,True
10ª Região - PB,1ª Região Mata Atlântica - PB,6,63,True
10ª Região - PB,1ª Região Mata Atlântica - PB,7,40,True
10ª Região - PB,1ª Região Mata Atlântica - PB,8,44,True
10ª Região - PB,1ª Região Mata Atlântica - PB,9,37,True
10ª Região - PB,1ª Região Mata Atlântica - PB,10,51,True
10ª Região - PB,1ª Região Mata Atlântica - PB,11,49,True
10ª Região - PB,1ª Região Mata Atlântica - PB,12,56,True
10ª Região - PB,4ª Região - PB,9,1,True
10ª Região - PB,5ª Região - PB,1,1,True
10ª Região - PB,5ª Região - PB,6,1,True
10ª Região - PB,6ª Região - PB,1,29,True
10ª Região - PB,6ª Região - PB,2,21,True
10ª Região - PB,6ª Região - PB,3,40,True
10ª Região - PB,6ª Região - PB,4,36,True
10ª Região - PB,6ª Região - PB,5,33,True
10ª Região - PB,6ª Região - PB,6,34,True
10ª Região - PB,6ª Região - PB,7,50,True
10ª Região - PB,6ª Região - PB,8,41,True
10ª Região - PB,6ª Região - PB,9,40,True
10ª Região - PB,6ª Região - PB,10,64,True
10ª Região - PB,6ª Região - PB,11,41,True
10ª Região - PB,6ª Região - PB,12,32,True
10ª Região - PB,7ª Região - PB,2,1,True
10ª Região - PB,7ª Região - PB,3,1,True
10ª Região - PB,7ª Região - PB,4,1,True
10ª Região - PB,7ª Região - PB,5,1,True
10ª Região - PB,7ª Região - PB,8,1,True
10ª Região - PB,7ª Região - PB,9,1,True
10ª Região - PB,7ª Região - PB,10,1,True
10ª Região - PB,8ª Região - PB,1,2,True
10ª Região - PB,8ª Região - PB,2,6,True
10ª Região - PB,8ª Região - PB,3,11,True
10ª Região - PB,8ª Região - PB,4,5,True
10ª Região - PB,8ª Região - PB,5,4,True
10ª Região - PB,8ª Região - PB,6,2,True
10ª Região - PB,8ª Região - PB,7,2,True
10ª Região - PB,8ª Região - PB,8,4,True
10ª Região - PB,8ª Região - PB,9,6,True
10ª Região - PB,8ª Região - PB,10,3,True
10ª Região - PB,9ª Região - PB,1,4,True
10ª Região - PB,9ª Região - PB,2,7,True
10ª Região - PB,9ª Região - PB,3,8,True
10ª Região - PB,9ª Região - PB,4,9,True
10ª Região - PB,9ª Região - PB,5,7,True
10ª Região - PB,9ª Região - PB,6,4,True
10ª Região - PB,9ª Região - PB,7,2,True
10ª Região - PB,9ª Região - PB,8,8,True
10ª Região - PB,9ª Região - PB,9,12,True
10ª Região - PB,9ª Região - PB,10,4,True
10ª Região - PB,9ª Região - PB,11,8,True
10ª Região - PB,9ª Região - PB,12,12,True
11ª Região - PB,10ª Região - PB,2,3,True
11ª Região - PB,10ª Região - PB,3,2,True
11ª Região - PB,10ª Região - PB,4,5,True
11ª Região - PB,10ª Região - PB,5,4,True
11ª Região - PB,10ª Região - PB,7,4,True
11ª Região - PB,10ª Região - PB,8,2,True
11ª Região - PB,10ª Região - PB,9,4,True
11ª Região - PB,10ª Região - PB,10,1,True
11ª Região - PB,10ª Região - PB,12,3,True
11ª Região - PB,11ª Região - PB,1,184,False
11ª Região - PB,11ª Região - PB,2,181,False
11ª Região - PB,11ª Região - PB,3,162,False
11ª Região - PB,11ª Região - PB,4,176,False
11ª Região - PB,11ª Região - PB,5,170,False
11ª Região - PB,11ª Região - PB,6,158,False
11ª Região - PB,11ª Região - PB,7,192,False
11ª Região - PB,11ª Região - PB,8,164,False
11ª Região - PB,11ª Região - PB,9,154,False
11ª Região - PB,11ª Região - PB,10,161,False
11ª Região - PB,11ª Região - PB,11,132,False
11ª Região - PB,11ª Região - PB,12,117,False
11ª Região - PB,13ª Região - PB,1,2,True
11ª Região - PB,13ª Região - PB,2,4,True
11ª Região - PB,13ª Região - PB,3,4,True
11ª Região - PB,13ª Região - PB,4,1,True
11ª Região - PB,13ª Região - PB,5,2,True
11ª Região - PB,13ª Região - PB,6,1,True
11ª Região - PB,13ª Região - PB,7,2,True
11ª Região - PB,13ª Região - PB,8,4,True
11ª Região - PB,13ª Região - PB,9,2,True
11ª Região - PB,13ª Região - PB,10,1,True
11ª Região - PB,13ª Região - PB,11,2,True
11ª Região - PB,13ª Região - PB,12,5,True
11ª Região - PB,15ª Região - PB,2,1,True
11ª Região - PB,15ª Região - PB,3,1,True
11ª Região - PB,16ª Região - PB,1,19,True
11ª Região - PB,16ª Região - PB,2,23,True
11ª Região - PB,16ª Região - PB,3,21,True
11ª Região - PB,16ª Região - PB,4,17,True
11ª Região - PB,16ª Região - PB,5,30,True
11ª Região - PB,16ª Região - PB,6,36,True
11ª Região - PB,16ª Região - PB,7,36,True
11ª Região - PB,16ª Região - PB,8,28,True
11ª Região - PB,16ª Região - PB,9,23,True
11ª Região - PB,16ª Região - PB,10,29,True
11ª Região - PB,16ª Região - PB,11,19,True
11ª Região - PB,16ª Região - PB,12,14,True
11ª Região - PB,1ª Região Mata Atlântica - PB,1,27,True
11ª Região - PB,1ª Região Mata Atlântica - PB,2,33,True
11ª Região - PB,1ª Região Mata Atlântica - PB,3,33,True
11ª Região - PB,1ª Região Mata Atlântica - PB,4,33,True
11ª Região - PB,1ª Região Mata Atlântica - PB,5,24,True
11ª Região - PB,1ª Região Mata Atlântica - PB,6,35,True
11ª Região - PB,1ª Região Mata Atlântica - PB,7,26,True
11ª Região - PB,1ª Região Mata Atlântica - PB,8,23,True
11ª Região - PB,1ª Região Mata Atlântica - PB,9,36,True
11ª Região - PB,1ª Região Mata Atlântica - PB,10,34,True
11ª Região - PB,1ª Região Mata Atlântica - PB,11,46,True
11ª Região - PB,1ª Região Mata Atlântica - PB,12,38,True
11ª Região - PB,4ª Região - PB,5,1,True
11ª Região - PB,4ª Região - PB,7,1,True
11ª Região - PB,4ª Região - PB,8,1,True
11ª Região - PB,4ª Região - PB,9,1,True
11ª Região - PB,5ª Região - PB,2,1,True
11ª Região - PB,5ª Região - PB,4,1,True
11ª Região - PB,5ª Região - PB,6,1,True
11ª Região - PB,5ª Região - PB,7,1,True
11ª Região - PB,5ª Região - PB,9,5,True
11ª Região - PB,5ª Região - PB,10,1,True
11ª Região - PB,5ª Região - PB,11,2,True
11ª Região - PB,6ª Região - PB,1,98,True
11ª Região - PB,6ª Região - PB,2,86,True
11ª Região - PB,6ª Região - PB,3,88,True
11ª Região - PB,6ª Região - PB,4,110,True
11ª Região - PB,6ª Região - PB,5,109,True
11ª Região - PB,6ª Região - PB,6,121,True
11ª Região - PB,6ª Região - PB,7,126,True
11ª Região - PB,6ª Região - PB,8,114,True
11ª Região - PB,6ª Região - PB,9,119,True
11ª Região - PB,6ª Região - PB,10,129,True
11ª Região - PB,6ª Região - PB,11,133,True
11ª Região - PB,6ª Região - PB,12,124,True
11ª Região - PB,7ª Região - PB,1,7,True
11ª Região - PB,7ª Região - PB,2,13,True
11ª Região - PB,7ª Região - PB,3,17,True
11ª Região - PB,7ª Região - PB,4,15,True
11ª Região - PB,7ª Região - PB,5,16,True
11ª Região - PB,7ª Região - PB,6,26,True
11ª Região - PB,7ª Região - PB,7,19,True
11ª Região - PB,7ª Região - PB,8,12,True
11ª Região - PB,7ª Região - PB,9,13,True
11ª Região - PB,7ª Região - PB,10,11,True
11ª Região - PB,7ª Região - PB,11,14,True
11ª Região - PB,7ª Região - PB,12,17,True
11ª Região - PB,8ª Região - PB,1,3,True
11ª Região - PB,8ª Região - PB,2,1,True
11ª Região - PB,8ª Região - PB,3,1,True
11ª Região - PB,8ª Região - PB,4,3,True
11ª Região - PB,8ª Região - PB,5,1,True
11ª Região - PB,8ª Região - PB,6,1,True
11ª Região - PB,8ª Região - PB,7,3,True
11ª Região - PB,8ª Região - PB,8,2,True
11ª Região - PB,8ª Região - PB,9,1,True
11ª Região - PB,8ª Região - PB,11,1,True
11ª Região - PB,9ª Região - PB,1,1,True
11ª Região - PB,9ª Região - PB,4,1,True
11ª Região - PB,9ª Região - PB,8,2,True
11ª Região - PB,9ª Região - PB,9,4,True
11ª Região - PB,9ª Região - PB,10,1,True
11ª Região - PB,9ª Região - PB,11,4,True
11ª Região - PB,9ª Região - PB,12,3,True
12ª Região - PB,10ª Região - PB,3,1,True
12ª Região - PB,12ª Região - PB,1,261,False
12ª Região - PB,12ª Região - PB,2,212,False
12ª Região - PB,12ª Região - PB,3,244,False
12ª Região - PB,12ª Região - PB,4,237,False
12ª Região - PB,12ª Região - PB,5,249,False
12ª Região - PB,12ª Região - PB,6,275,False
12ª Região - PB,12ª Região - PB,7,285,False
12ª Região - PB,12ª Região - PB,8,301,False
12ª Região - PB,12ª Região - PB,9,259,False
12ª Região - PB,12ª Região - PB,10,246,False
12ª Região - PB,12ª Região - PB,11,183,False
12ª Região - PB,12ª Região - PB,12,189,False
12ª Região - PB,13ª Região - PB,5,1,True
12ª Região - PB,13ª Região - PB,9,1,True
12ª Região - PB,14ª Região - PB,1,6,True
12ª Região - PB,14ª Região - PB,2,7,True
12ª Região - PB,14ª Região - PB,3,7,True
12ª Região - PB,14ª Região - PB,4,10,True
12ª Região - PB,14ª Região - PB,5,12,True
12ª Região - PB,14ª Região - PB,6,12,True
12ª Região - PB,14ª Região - PB,7,1,True
12ª Região - PB,14ª Região - PB,8,17,True
12ª Região - PB,14ª Região - PB,9,15,True
12ª Região - PB,14ª Região - PB,10,27,True
12ª Região - PB,14ª Região - PB,11,13,True
12ª Região - PB,14ª Região - PB,12,10,True
12ª Região - PB,15ª Região - PB,2,1,True
12ª Região - PB,15ª Região - PB,3,3,True
12ª Região - PB,15ª Região - PB,4,1,True
12ª Região - PB,15ª Região - PB,6,2,True
12ª Região - PB,15ª Região - PB,7,1,True
12ª Região - PB,15ª Região - PB,9,4,True
12ª Região - PB,15ª Região - PB,10,3,True
12ª Região - PB,15ª Região - PB,11,3,True
12ª Região - PB,15ª Região - PB,12,3,True
12ª Região - PB,16ª Região - PB,1,135,True
12ª Região - PB,16ª Região - PB,2,151,True
12ª Região - PB,16ª Região - PB,3,168,True
12ª Região - PB,16ª Região - PB,4,170,True
12ª Região - PB,16ª Região - PB,5,194,True
12ª Região - PB,16ª Região - PB,6,174,True
12ª Região - PB,16ª Região - PB,7,182,True
12ª Região - PB,16ª Região - PB,8,195,True
12ª Região - PB,16ª Região - PB,9,173,True
12ª Região - PB,16ª Região - PB,10,160,True
12ª Região - PB,16ª Região - PB,11,143,True
12ª Região - PB,16ª Região - PB,12,130,True
12ª Região - PB,1ª Região Mata Atlântica - PB,1,477,True
12ª Região - PB,1ª Região Mata Atlântica - PB,2,380,True
12ª Região - PB,1ª Região Mata Atlântica - PB,3,378,True
12ª Região - PB,1ª Região Mata Atlântica - PB,4,409,True
12ª Região - PB,1ª Região Mata Atlântica - PB,5,372,True
12ª Região - PB,1ª Região Mata Atlântica - PB,6,377,True
12ª Região - PB,1ª Região Mata Atlântica - PB,7,439,True
12ª Região - PB,1ª Região Mata Atlântica - PB,8,476,True
12ª Região - PB,1ª Região Mata Atlântica - PB,9,501,True
12ª Região - PB,1ª Região Mata Atlântica - PB,10,500,True
12ª Região - PB,1ª Região Mata Atlântica - PB,11,415,True
12ª Região - PB,1ª Região Mata Atlântica - PB,12,434,True
12ª Região - PB,2ª Região - PB,1,5,True
12ª Região - PB,2ª Região - PB,2,7,True
12ª Região - PB,2ª Região - PB,3,7,True
12ª Região - PB,2ª Região - PB,4,26,True
12ª Região - PB,2ª Região - PB,5,23,True
12ª Região - PB,2ª Região - PB,6,8,True
12ª Região - PB,2ª Região - PB,7,25,True
12ª Região - PB,2ª Região - PB,8,7,True
12ª Região - PB,2ª Região - PB,9,8,True
12ª Região - PB,2ª Região - PB,10,11,True
12ª Região - PB,2ª Região - PB,11,12,True
12ª Região - PB,2ª Região - PB,12,8,True
12ª Região - PB,3ª Região - PB,7,1,True
12ª Região - PB,4ª Região - PB,3,2,True
12ª Região - PB,4ª Região - PB,4,3,True
12ª Região - PB,4ª Região - PB,5,2,True
12ª Região - PB,4ª Região - PB,6,3,True
12ª Região - PB,4ª Região - PB,7,8,True
12ª Região - PB,4ª Região - PB,8,3,True
12ª Região - PB,4ª Região - PB,9,4,True
12ª Região - PB,4ª Região - PB,10,1,True
12ª Região - PB,5ª Região - PB,1,1,True
12ª Região - PB,5ª Região - PB,4,3,True
12ª Região - PB,5ª Região - PB,5,1,True
12ª Região - PB,5ª Região - PB,7,1,True
12ª Região - PB,5ª Região - PB,9,1,True
12ª Região - PB,5ª Região - PB,10,1,True
12ª Região - PB,8ª Região - PB,4,1,True
12ª Região - PB,9ª Região - PB,4,1,True
12ª Região - PB,9ª Região - PB,8,1,True
13ª Região - PB,10ª Região - PB,1,4,True
13ª Região - PB,10ª Região - PB,2,17,True
13ª Região - PB,10ª Região - PB,3,4,True
13ª Região - PB,10ª Região - PB,4,4,True
13ª Região - PB,10ª Região - PB,5,5,True
13ª Região - PB,10ª Região - PB,6,6,True
13ª Região - PB,10ª Região - PB,7,11,True
13ª Região - PB,10ª Região - PB,8,6,True
13ª Região - PB,10ª Região - PB,9,11,True
13ª Região - PB,10ª Região - PB,10,3,True
13ª Região - PB,10ª Região - PB,11,8,True
13ª Região - PB,10ª Região - PB,12,11,True
13ª Região - PB,12ª Região - PB,7,1,True
13ª Região - PB,13ª Região - PB,1,164,False
13ª Região - PB,13ª Região - PB,2,212,False
13ª Região - PB,13ª Região - PB,3,188,False
13ª Região - PB,13ª Região - PB,4,195,False
13ª Região - PB,13ª Região - PB,5,313,False
13ª Região - PB,13ª Região - PB,6,173,False
13ª Região - PB,13ª Região - PB,7,213,False
13ª Região - PB,13ª Região - PB,8,268,False
13ª Região - PB,13ª Região - PB,9,238,False
13ª Região - PB,13ª Região - PB,10,302,False
13ª Região - PB,13ª Região - PB,11,223,False
13ª Região - PB,13ª Região - PB,12,313,False
13ª Região - PB,15ª Região - PB,4,1,True
13ª Região - PB,15ª Região - PB,6,1,True
13ª Região - PB,16ª Região - PB,1,14,True
13ª Região - PB,16ª Região - PB,2,13,True
13ª Região - PB,16ª Região - PB,3,27,True
13ª Região - PB,16ª Região - PB,4,7,True
13ª Região - PB,16ª Região - PB,5,19,True
13ª Região - PB,16ª Região - PB,6,16,True
13ª Região - PB,16ª Região - PB,7,16,True
13ª Região - PB,16ª Região - PB,8,25,True
13ª Região - PB,16ª Região - PB,9,24,True
13ª Região - PB,16ª Região - PB,10,22,True
13ª Região - PB,16ª Região - PB,11,18,True
13ª Região - PB,16ª Região - PB,12,5,True
13ª Região - PB,1ª Região Mata Atlântica - PB,1,23,True
13ª Região - PB,1ª Região Mata Atlântica - PB,2,23,True
13ª Região - PB,1ª Região Mata Atlântica - PB,3,15,True
13ª Região - PB,1ª Região Mata Atlântica - PB,4,20,True
13ª Região - PB,1ª Região Mata Atlântica - PB,5,20,True
13ª Região - PB,1ª Região Mata Atlântica - PB,6,22,True
13ª Região - PB,1ª Região Mata Atlântica - PB,7,21,True
13ª Região - PB,1ª Região Mata Atlântica - PB,8,29,True
13ª Região - PB,1ª Região Mata Atlântica - PB,9,19,True
13ª Região - PB,1ª Região Mata Atlântica - PB,10,26,True
13ª Região - PB,1ª Região Mata Atlântica - PB,11,28,True
13ª Região - PB,1ª Região Mata Atlântica - PB,12,35,True
13ª Região - PB,4ª Região - PB,4,2,True
13ª Região - PB,5ª Região - PB,4,1,True
13ª Região - PB,6ª Região - PB,1,68,True
13ª Região - PB,6ª Região - PB,2,43,True
13ª Região - PB,6ª Região - PB,3,60,True
13ª Região - PB,6ª Região - PB,4,75,True
13ª Região - PB,6ª Região - PB,5,68,True
13ª Região - PB,6ª Região - PB,6,53,True
13ª Região - PB,6ª Região - PB,7,53,True
13ª Região - PB,6ª Região - PB,8,79,True
13ª Região - PB,6ª Região - PB,9,64,True
13ª Região - PB,6ª Região - PB,10,52,True
13ª Região - PB,6ª Região - PB,11,59,True
13ª Região - PB,6ª Região - PB,12,74,True
13ª Região - PB,7ª Região - PB,6,1,True
13ª Região - PB,7ª Região - PB,8,2,True
13ª Região - PB,7ª Região - PB,9,2,True
13ª Região - PB,7ª Região - PB,11,1,True
13ª Região - PB,7ª Região - PB,12,1,True
13ª Região - PB,8ª Região - PB,1,2,True
13ª Região - PB,8ª Região - PB,2,9,True
13ª Região - PB,8ª Região - PB,3,7,True
13ª Região - PB,8ª Região - PB,4,13,True
13ª Região - PB,8ª Região - PB,5,21,True
13ª Região - PB,8ª Região - PB,6,9,True
13ª Região - PB,8ª Região - PB,7,7,True
13ª Região - PB,8ª Região - PB,8,21,True
13ª Região - PB,8ª Região - PB,9,19,True
13ª Região - PB,8ª Região - PB,10,3,True
13ª Região - PB,8ª Região - PB,11,6,True
13ª Região - PB,8ª Região - PB,12,5,True
13ª Região - PB,9ª Região - PB,3,1,True
13ª Região - PB,9ª Região - PB,5,3,True
13ª Região - PB,9ª Região - PB,6,1,True
13ª Região - PB,9ª Região - PB,7,1,True
13ª Região - PB,9ª Região - PB,8,3,True
13ª Região - PB,9ª Região - PB,10,1,True
13ª Região - PB,9ª Região - PB,11,3,True
13ª Região - PB,9ª Região - PB,12,2,True
14ª Região - PB,12ª Região - PB,3,1,True
14ª Região - PB,12ª Região - PB,4,1,True
14ª Região - PB,12ª Região - PB,6,2,True
14ª Região - PB,12ª Região - PB,7,2,True
14ª Região - PB,12ª Região - PB,8,10,True
14ª Região - PB,12ª Região - PB,9,13,True
14ª Região - PB,13ª Região - PB,1,1,True
14ª Região - PB,13ª Região - PB,3,2,True
14ª Região - PB,14ª Região - PB,1,325,False
14ª Região - PB,14ª Região - PB,2,414,False
14ª Região - PB,14ª Região - PB,3,439,False
14ª Região - PB,14ª Região - PB,4,405,False
14ª Região - PB,14ª Região - PB,5,434,False
14ª Região - PB,14ª Região - PB,6,445,False
14ª Região - PB,14ª Região - PB,7,254,False
14ª Região - PB,14ª Região - PB,8,454,False
14ª Região - PB,14ª Região - PB,9,322,False
14ª Região - PB,14ª Região - PB,10,356,False
14ª Região - PB,14ª Região - PB,11,595,False
14ª Região - PB,14ª Região - PB,12,403,False
14ª Região - PB,16ª Região - PB,1,2,True
14ª Região - PB,16ª Região - PB,2,4,True
14ª Região - PB,16ª Região - PB,3,1,True
14ª Região - PB,16ª Região - PB,4,1,True
14ª Região - PB,16ª Região - PB,5,2,True
14ª Região - PB,16ª Região - PB,6,3,True
14ª Região - PB,16ª Região - PB,7,2,True
14ª Região - PB,16ª Região - PB,8,8,True
14ª Região - PB,16ª Região - PB,9,5,True
14ª Região - PB,16ª Região - PB,10,4,True
14ª Região - PB,16ª Região - PB,11,2,True
14ª Região - PB,1ª Região Mata Atlântica - PB,1,387,True
14ª Região - PB,1ª Região Mata Atlântica - PB,2,381,True
14ª Região - PB,1ª Região Mata Atlântica - PB,3,350,True
14ª Região - PB,1ª Região Mata Atlântica - PB,4,352,True
14ª Região - PB,1ª Região Mata Atlântica - PB,5,378,True
14ª Região - PB,1ª Região Mata Atlântica - PB,6,447,True
14ª Região - PB,1ª Região Mata Atlântica - PB,7,396,True
14ª Região - PB,1ª Região Mata Atlântica - PB,8,473,True
14ª Região - PB,1ª Região Mata Atlântica - PB,9,441,True
14ª Região - PB,1ª Região Mata Atlântica - PB,10,502,True
14ª Região - PB,1ª Região Mata Atlântica - PB,11,384,True
14ª Região - PB,1ª Região Mata Atlântica - PB,12,356,True
14ª Região - PB,2ª Região - PB,1,24,True
14ª Região - PB,2ª Região - PB,2,15,True
14ª Região - PB,2ª Região - PB,3,48,True
14ª Região - PB,2ª Região - PB,4,24,True
14ª Região - PB,2ª Região - PB,5,40,True
14ª Região - PB,2ª Região - PB,6,39,True
14ª Região - PB,2ª Região - PB,7,21,True
14ª Região - PB,2ª Região - PB,8,24,True
14ª Região - PB,2ª Região - PB,9,26,True
14ª Região - PB,2ª Região - PB,10,35,True
14ª Região - PB,2ª Região - PB,11,18,True
14ª Região - PB,2ª Região - PB,12,17,True
14ª Região - PB,4ª Região - PB,8,1,True
14ª Região - PB,4ª Região - PB,10,2,True
14ª Região - PB,6ª Região - PB,1,1,True
14ª Região - PB,6ª Região - PB,12,1,True
15ª Região - PB,10ª Região - PB,3,1,True
15ª Região - PB,12ª Região - PB,1,9,True
15ª Região - PB,12ª Região - PB,2,13,True
15ª Região - PB,12ª Região - PB,3,10,True
15ª Região - PB,12ª Região - PB,4,10,True
15ª Região - PB,12ª Região - PB,5,17,True
15ª Região - PB,12ª Região - PB,6,12,True
15ª Região - PB,12ª Região - PB,7,12,True
15ª Região - PB,12ª Região - PB,8,2,True
15ª Região - PB,12ª Região - PB,9,5,True
15ª Região - PB,12ª Região - PB,11,1,True
15ª Região - PB,14ª Região - PB,3,1,True
15ª Região - PB,14ª Região - PB,8,1,True
15ª Região - PB,14ª Região - PB,10,1,True
15ª Região - PB,14ª Região - PB,11,2,True
15ª Região - PB,14ª Região - PB,12,2,True
15ª Região - PB,15ª Região - PB,1,167,False
15ª Região - PB,15ª Região - PB,2,164,False
15ª Região - PB,15ª Região - PB,3,227,False
15ª Região - PB,15ª Região - PB,4,202,False
15ª Região - PB,15ª Região - PB,5,214,False
15ª Região - PB,15ª Região - PB,6,262,False
15ª Região - PB,15ª Região - PB,7,342,False
15ª Região - PB,15ª Região - PB,8,298,False
15ª Região - PB,15ª Região - PB,9,149,False
15ª Região - PB,15ª Região - PB,10,266,False
15ª Região - PB,15ª Região - PB,11,210,False
15ª Região - PB,15ª Região - PB,12,213,False
15ª Região - PB,16ª Região - PB,1,453,True
15ª Região - PB,16ª Região - PB,2,472,True
15ª Região - PB,16ª Região - PB,3,614,True
15ª Região - PB,16ª Região - PB,4,542,True
15ª Região - PB,16ª Região - PB,5,562,True
15ª Região - PB,16ª Região - PB,6,552,True
15ª Região - PB,16ª Região - PB,7,529,True
15ª Região - PB,16ª Região - PB,8,544,True
15ª Região - PB,16ª Região - PB,9,554,True
15ª Região - PB,16ª Região - PB,10,533,True
15ª Região - PB,16ª Região - PB,11,423,True
15ª Região - PB,16ª Região - PB,12,337,True
15ª Região - PB,1ª Região Mata Atlântica - PB,1,32,True
15ª Região - PB,1ª Região Mata Atlântica - PB,2,44,True
15ª Região - PB,1ª Região Mata Atlântica - PB,3,30,True
15ª Região - PB,1ª Região Mata Atlântica - PB,4,32,True
15ª Região - PB,1ª Região Mata Atlântica - PB,5,31,True
15ª Região - PB,1ª Região Mata Atlântica - PB,6,34,True
15ª Região - PB,1ª Região Mata Atlântica - PB,7,30,True
15ª Região - PB,1ª Região Mata Atlântica - PB,8,42,True
15ª Região - PB,1ª Região Mata Atlântica - PB,9,28,True
15ª Região - PB,1ª Região Mata Atlântica - PB,10,49,True
15ª Região - PB,1ª Região Mata Atlântica - PB,11,36,True
15ª Região - PB,1ª Região Mata Atlântica - PB,12,24,True
15ª Região - PB,2ª Região - PB,1,10,True
15ª Região - PB,2ª Região - PB,4,1,True
15ª Região - PB,2ª Região - PB,5,1,True
15ª Região - PB,2ª Região - PB,11,2,True
15ª Região - PB,4ª Região - PB,1,4,True
15ª Região - PB,4ª Região - PB,2,2,True
15ª Região - PB,4ª Região - PB,3,7,True
15ª Região - PB,4ª Região - PB,4,4,True
15ª Região - PB,4ª Região - PB,5,3,True
15ª Região - PB,4ª Região - PB,6,3,True
15ª Região - PB,4ª Região - PB,7,5,True
15ª Região - PB,4ª Região - PB,8,12,True
15ª Região - PB,4ª Região - PB,9,10,True
15ª Região - PB,4ª Região - PB,10,3,True
15ª Região - PB,4ª Região - PB,11,5,True
15ª Região - PB,4ª Região - PB,12,4,True
15ª Região - PB,5ª Região - PB,1,19,True
15ª Região - PB,5ª Região - PB,2,17,True
15ª Região - PB,5ª Região - PB,3,1,True
15ª Região - PB,5ª Região - PB,4,21,True
15ª Região - PB,5ª Região - PB,5,14,True
15ª Região - PB,5ª Região - PB,6,3,True
15ª Região - PB,5ª Região - PB,7,12,True
15ª Região - PB,5ª Região - PB,9,12,True
15ª Região - PB,5ª Região - PB,10,10,True
15ª Região - PB,5ª Região - PB,11,1,True
15ª Região - PB,5ª Região - PB,12,3,True
15ª Região - PB,6ª Região - PB,1,2,True
15ª Região - PB,6ª Região - PB,2,1,True
15ª Região - PB,6ª Região - PB,3,1,True
15ª Região - PB,6ª Região - PB,6,2,True
15ª Região - PB,6ª Região - PB,7,1,True
15ª Região - PB,6ª Região - PB,11,2,True
15ª Região - PB,8ª Região - PB,5,1,True
15ª Região - PB,9ª Região - PB,2,1,True
16ª Região - PB,10ª Região - PB,1,1,True
16ª Região - PB,10ª Região - PB,3,1,True
16ª Região - PB,10ª Região - PB,6,1,True
16ª Região - PB,10ª Região - PB,10,1,True
16ª Região - PB,10ª Região - PB,11,1,True
16ª Região - PB,11ª Região - PB,10,1,True
16ª Região - PB,12ª Região - PB,1,2,True
16ª Região - PB,12ª Região - PB,4,2,True
16ª Região - PB,12ª Região - PB,5,2,True
16ª Região - PB,12ª Região - PB,6,1,True
16ª Região - PB,12ª Região - PB,7,8,True
16ª Região - PB,12ª Região - PB,8,5,True
16ª Região - PB,12ª Região - PB,9,1,True
16ª Região - PB,12ª Região - PB,10,1,True
16ª Região - PB,13ª Região - PB,1,2,True
16ª Região - PB,13ª Região - PB,2,2,True
16ª Região - PB,13ª Região - PB,3,3,True
16ª Região - PB,13ª Região - PB,4,4,True
16ª Região - PB,13ª Região - PB,5,2,True
16ª Região - PB,13ª Região - PB,6,1,True
16ª Região - PB,13ª Região - PB,7,4,True
16ª Região - PB,13ª Região - PB,8,2,True
16ª Região - PB,13ª Região - PB,9,1,True
16ª Região - PB,13ª Região - PB,11,3,True
16ª Região - PB,14ª Região - PB,2,1,True
16ª Região - PB,14ª Região - PB,3,1,True
16ª Região - PB,14ª Região - PB,6,3,True
16ª Região - PB,14ª Região - PB,8,1,True
16ª Região - PB,14ª Região - PB,10,1,True
16ª Região - PB,14ª Região - PB,11,3,True
16ª Região - PB,14ª Região - PB,12,1,True
16ª Região - PB,15ª Região - PB,1,23,True
16ª Região - PB,15ª Região - PB,2,18,True
16ª Região - PB,15ª Região - PB,3,25,True
16ª Região - PB,15ª Região - PB,4,22,True
16ª Região - PB,15ª Região - PB,5,28,True
16ª Região - PB,15ª Região - PB,6,33,True
16ª Região - PB,15ª Região - PB,7,41,True
16ª Região - PB,15ª Região - PB,8,32,True
16ª Região - PB,15ª Região - PB,9,20,True
16ª Região - PB,15ª Região - PB,10,30,True
16ª Região - PB,15ª Região - PB,11,28,True
16ª Região - PB,15ª Região - PB,12,23,True
16ª Região - PB,16ª Região - PB,1,3080,False
16ª Região - PB,16ª Região - PB,2,3030,False
16ª Região - PB,16ª Região - PB,3,3511,False
16ª Região - PB,16ª Região - PB,4,3209,False
16ª Região - PB,16ª Região - PB,5,3369,False
16ª Região - PB,16ª Região - PB,6,3640,False
16ª Região - PB,16ª Região - PB,7,4058,False
16ª Região - PB,16ª Região - PB,8,3715,False
16ª Região - PB,16ª Região - PB,9,3534,False
16ª Região - PB,16ª Região - PB,10,3629,False
16ª Região - PB,16ª Região - PB,11,3160,False
16ª Região - PB,16ª Região - PB,12,2617,False
16ª Região - PB,1ª Região Mata Atlântica - PB,1,58,True
16ª Região - PB,1ª Região Mata Atlântica - PB,2,92,True
16ª Região - PB,1ª Região Mata Atlântica - PB,3,65,True
16ª Região - PB,1ª Região Mata Atlântica - PB,4,71,True
16ª Região - PB,1ª Região Mata Atlântica - PB,5,71,True
16ª Região - PB,1ª Região Mata Atlântica - PB,6,79,True
16ª Região - PB,1ª Região Mata Atlântica - PB,7,94,True
16ª Região - PB,1ª Região Mata Atlântica - PB,8,71,True
16ª Região - PB,1ª Região Mata Atlântica - PB,9,75,True
16ª Região - PB,1ª Região Mata Atlântica - PB,10,81,True
16ª Região - PB,1ª Região Mata Atlântica - PB,11,86,True
16ª Região - PB,1ª Região Mata Atlântica - PB,12,57,True
16ª Região - PB,2ª Região - PB,1,2,True
16ª Região - PB,2ª Região - PB,7,5,True
16ª Região - PB,2ª Região - PB,9,1,True
16ª Região - PB,2ª Região - PB,11,4,True
16ª Região - PB,2ª Região - PB,12,2,True
16ª Região - PB,3ª Região - PB,2,1,True
16ª Região - PB,4ª Região - PB,1,15,True
16ª Região - PB,4ª Região - PB,2,8,True
16ª Região - PB,4ª Região - PB,3,22,True
16ª Região - PB,4ª Região - PB,4,21,True
16ª Região - PB,4ª Região - PB,5,14,True
16ª Região - PB,4ª Região - PB,6,28,True
16ª Região - PB,4ª Região - PB,7,15,True
16ª Região - PB,4ª Região - PB,8,19,True
16ª Região - PB,4ª Região - PB,9,21,True
16ª Região - PB,4ª Região - PB,10,12,True
16ª Região - PB,4ª Região - PB,11,8,True
16ª Região - PB,4ª Região - PB,12,8,True
16ª Região - PB,5ª Região - PB,1,9,True
16ª Região - PB,5ª Região - PB,2,10,True
16ª Região - PB,5ª Região - PB,3,16,True
16ª Região - PB,5ª Região - PB,4,19,True
16ª Região - PB,5ª Região - PB,5,14,True
16ª Região - PB,5ª Região - PB,6,8,True
16ª Região - PB,5ª Região - PB,7,15,True
16ª Região - PB,5ª Região - PB,8,4,True
16ª Região - PB,5ª Região - PB,9,33,True
16ª Região - PB,5ª Região - PB,10,22,True
16ª Região - PB,5ª Região - PB,11,13,True
16ª Região - PB,5ª Região - PB,12,10,True
16ª Região - PB,6ª Região - PB,1,3,True
16ª Região - PB,6ª Região - PB,2,2,True
16ª Região - PB,6ª Região - PB,3,9,True
16ª Região - PB,6ª Região - PB,4,9,True
16ª Região - PB,6ª Região - PB,5,8,True
16ª Região - PB,6ª Região - PB,6,8,True
16ª Região - PB,6ª Região - PB,7,7,True
16ª Região - PB,6ª Região - PB,8,7,True
16ª Região - PB,6ª Região - PB,9,6,True
16ª Região - PB,6ª Região - PB,10,10,True
16ª Região - PB,6ª Região - PB,11,7,True
16ª Região - PB,6ª Região - PB,12,5,True
16ª Região - PB,8ª Região - PB,5,1,True
16ª Região - PB,8ª Região - PB,10,1,True
16ª Região - PB,8ª Região - PB,12,1,True
16ª Região - PB,9ª Região - PB,10,2,True
16ª Região - PB,9ª Região - PB,12,2,True
1ª Região Mata Atlântica - PB,10ª Região - PB,4,1,True
1ª Região Mata Atlântica - PB,10ª Região - PB,5,1,True
1ª Região Mata Atlântica - PB,10ª Região - PB,8,1,True
1ª Região Mata Atlântica - PB,10ª Região - PB,9,1,True
1ª Região Mata Atlântica - PB,10ª Região - PB,10,1,True
1ª Região Mata Atlântica - PB,12ª Região - PB,1,8,True
1ª Região Mata Atlântica - PB,12ª Região - PB,2,16,True
1ª Região Mata Atlântica - PB,12ª Região - PB,3,13,True
1ª Região Mata Atlântica - PB,12ª Região - PB,4,12,True
1ª Região Mata Atlântica - PB,12ª Região - PB,5,23,True
1ª Região Mata Atlântica - PB,12ª Região - PB,6,18,True
1ª Região Mata Atlântica - PB,12ª Região - PB,7,34,True
1ª Região Mata Atlântica - PB,12ª Região - PB,8,36,True
1ª Região Mata Atlântica - PB,12ª Região - PB,9,31,True
1ª Região Mata Atlântica - PB,12ª Região - PB,10,34,True
1ª Região Mata Atlântica - PB,12ª Região - PB,11,8,True
1ª Região Mata Atlântica - PB,12ª Região - PB,12,7,True
1ª Região Mata Atlântica - PB,13ª Região - PB,2,1,True
1ª Região Mata Atlântica - PB,13ª Região - PB,4,2,True
1ª Região Mata Atlântica - PB,13ª Região - PB,6,1,True
1ª Região Mata Atlântica - PB,13ª Região - PB,10,1,True
1ª Região Mata Atlântica - PB,14ª Região - PB,1,27,True
1ª Região Mata Atlântica - PB,14ª Região - PB,2,25,True
1ª Região Mata Atlântica - PB,14ª Região - PB,3,41,True
1ª Região Mata Atlântica - PB,14ª Região - PB,4,53,True
1ª Região Mata Atlântica - PB,14ª Região - PB,5,64,True
1ª Região Mata Atlântica - PB,14ª Região - PB,6,72,True
1ª Região Mata Atlântica - PB,14ª Região - PB,7,21,True
1ª Região Mata Atlântica - PB,14ª Região - PB,8,46,True
1ª Região Mata Atlântica - PB,14ª Região - PB,9,25,True
1ª Região Mata Atlântica - PB,14ª Região - PB,10,96,True
1ª Região Mata Atlântica - PB,14ª Região - PB,11,95,True
1ª Região Mata Atlântica - PB,14ª Região - PB,12,40,True
1ª Região Mata Atlântica - PB,16ª Região - PB,1,23,True
1ª Região Mata Atlântica - PB,16ª Região - PB,2,26,True
1ª Região Mata Atlântica - PB,16ª Região - PB,3,18,True
1ª Região Mata Atlântica - PB,16ª Região - PB,4,13,True
1ª Região Mata Atlântica - PB,16ª Região - PB,5,18,True
1ª Região Mata Atlântica - PB,16ª Região - PB,6,24,True
1ª Região Mata Atlântica - PB,16ª Região - PB,7,23,True
1ª Região Mata Atlântica - PB,16ª Região - PB,8,24,True
1ª Região Mata Atlântica - PB,16ª Região - PB,9,27,True
1ª Região Mata Atlântica - PB,16ª Região - PB,10,28,True
1ª Região Mata Atlântica - PB,16ª Região - PB,11,20,True
1ª Região Mata Atlântica - PB,16ª Região - PB,12,18,True
1ª Região Mata Atlântica - PB,1ª Região Mata Atlântica - PB,1,6754,False
1ª Região Mata Atlântica - PB,1ª Região Mata Atlântica - PB,2,6298,False
1ª Região Mata Atlântica - PB,1ª Região Mata Atlântica - PB,3,6500,False
1ª Região Mata Atlântica - PB,1ª Região Mata Atlântica - PB,4,6481,False
1ª Região Mata Atlântica - PB,1ª Região Mata Atlântica - PB,5,6877,False
1ª Região Mata Atlântica - PB,1ª Região Mata Atlântica - PB,6,6763,False
1ª Região Mata Atlântica - PB,1ª Região Mata Atlântica - PB,7,6756,False
1ª Região Mata Atlântica - PB,1ª Região Mata Atlântica - PB,8,6962,False
1ª Região Mata Atlântica - PB,1ª Região Mata Atlântica - PB,9,6795,False
1ª Região Mata Atlântica - PB,1ª Região Mata Atlântica - PB,10,7223,False
1ª Região Mata Atlântica - PB,1ª Região Mata Atlântica - PB,11,6382,False
1ª Região Mata Atlântica - PB,1ª Região Mata Atlântica - PB,12,6350,False
1ª Região Mata Atlântica - PB,2ª Região - PB,1,15,True
1ª Região Mata Atlântica - PB,2ª Região - PB,2,13,True
1ª Região Mata Atlântica - PB,2ª Região - PB,3,19,True
1ª Região Mata Atlântica - PB,2ª Região - PB,4,21,True
1ª Região Mata Atlântica - PB,2ª Região - PB,5,12,True
1ª Região Mata Atlântica - PB,2ª Região - PB,6,37,True
1ª Região Mata Atlântica - PB,2ª Região - PB,7,29,True
1ª Região Mata Atlântica - PB,2ª Região - PB,8,40,True
1ª Região Mata Atlântica - PB,2ª Região - PB,9,34,True
1ª Região Mata Atlântica - PB,2ª Região - PB,10,33,True
1ª Região Mata Atlântica - PB,2ª Região - PB,11,14,True
1ª Região Mata Atlântica - PB,2ª Região - PB,12,15,True
1ª Região Mata Atlântica - PB,4ª Região - PB,6,1,True
1ª Região Mata Atlântica - PB,4ª Região - PB,9,1,True
1ª Região Mata Atlântica - PB,4ª Região - PB,10,3,True
1ª Região Mata Atlântica - PB,4ª Região - PB,11,1,True
1ª Região Mata Atlântica - PB,5ª Região - PB,1,1,True
1ª Região Mata Atlântica - PB,6ª Região - PB,1,1,True
1ª Região Mata Atlântica - PB,6ª Região - PB,2,1,True
1ª Região Mata Atlântica - PB,6ª Região - PB,3,2,True
1ª Região Mata Atlântica - PB,6ª Região - PB,4,2,True
1ª Região Mata Atlântica - PB,6ª Região - PB,6,2,True
1ª Região Mata Atlântica - PB,6ª Região - PB,7,3,True
1ª Região Mata Atlântica - PB,6ª Região - PB,8,2,True
1ª Região Mata Atlântica - PB,6ª Região - PB,9,1,True
1ª Região Mata Atlântica - PB,6ª Região - PB,10,1,True
1ª Região Mata Atlântica - PB,6ª Região - PB,11,1,True
1ª Região Mata Atlântica - PB,6ª Região - PB,12,2,True
1ª Região Mata Atlântica - PB,8ª Região - PB,3,1,True
1ª Região Mata Atlântica - PB,8ª Região - PB,4,1,True
1ª Região Mata Atlântica - PB,8ª Região - PB,5,1,True
1ª Região Mata Atlântica - PB,9ª Região - PB,1,1,True
1ª Região Mata Atlântica - PB,9ª Região - PB,4,2,True
1ª Região Mata Atlântica - PB,9ª Região - PB,5,1,True
1ª Região Mata Atlântica - PB,9ª Região - PB,7,2,True
2ª Região - PB,10ª Região - PB,7,1,True
2ª Região - PB,10ª Região - PB,8,1,True
2ª Região - PB,12ª Região - PB,1,5,True
2ª Região - PB,12ª Região - PB,2,6,True
2ª Região - PB,12ª Região - PB,3,1,True
2ª Região - PB,12ª Região - PB,4,3,True
2ª Região - PB,12ª Região - PB,5,5,True
2ª Região - PB,12ª Região - PB,6,4,True
2ª Região - PB,12ª Região - PB,7,2,True
2ª Região - PB,12ª Região - PB,8,9,True
2ª Região - PB,12ª Região - PB,9,12,True
2ª Região - PB,12ª Região - PB,10,1,True
2ª Região - PB,12ª Região - PB,11,1,True
2ª Região - PB,13ª Região - PB,3,1,True
2ª Região - PB,13ª Região - PB,7,1,True
2ª Região - PB,14ª Região - PB,1,15,True
2ª Região - PB,14ª Região - PB,2,39,True
2ª Região - PB,14ª Região - PB,3,46,True
2ª Região - PB,14ª Região - PB,4,38,True
2ª Região - PB,14ª Região - PB,5,42,True
2ª Região - PB,14ª Região - PB,6,47,True
2ª Região - PB,14ª Região - PB,7,20,True
2ª Região - PB,14ª Região - PB,8,33,True
2ª Região - PB,14ª Região - PB,9,27,True
2ª Região - PB,14ª Região - PB,10,54,True
2ª Região - PB,14ª Região - PB,11,65,True
2ª Região - PB,14ª Região - PB,12,54,True
2ª Região - PB,15ª Região - PB,9,1,True
2ª Região - PB,15ª Região - PB,10,1,True
2ª Região - PB,15ª Região - PB,11,2,True
2ª Região - PB,16ª Região - PB,1,57,True
2ª Região - PB,16ª Região - PB,2,74,True
2ª Região - PB,16ª Região - PB,3,69,True
2ª Região - PB,16ª Região - PB,4,82,True
2ª Região - PB,16ª Região - PB,5,53,True
2ª Região - PB,16ª Região - PB,6,63,True
2ª Região - PB,16ª Região - PB,7,79,True
2ª Região - PB,16ª Região - PB,8,69,True
2ª Região - PB,16ª Região - PB,9,66,True
2ª Região - PB,16ª Região - PB,10,86,True
2ª Região - PB,16ª Região - PB,11,63,True
2ª Região - PB,16ª Região - PB,12,51,True
2ª Região - PB,1ª Região Mata Atlântica - PB,1,594,True
2ª Região - PB,1ª Região Mata Atlântica - PB,2,552,True
2ª Região - PB,1ª Região Mata Atlântica - PB,3,566,True
2ª Região - PB,1ª Região Mata Atlântica - PB,4,571,True
2ª Região - PB,1ª Região Mata Atlântica - PB,5,610,True
2ª Região - PB,1ª Região Mata Atlântica - PB,6,624,True
2ª Região - PB,1ª Região Mata Atlântica - PB,7,637,True
2ª Região - PB,1ª Região Mata Atlântica - PB,8,665,True
2ª Região - PB,1ª Região Mata Atlântica - PB,9,745,True
2ª Região - PB,1ª Região Mata Atlântica - PB,10,760,True
2ª Região - PB,1ª Região Mata Atlântica - PB,11,624,True
2ª Região - PB,1ª Região Mata Atlântica - PB,12,645,True
2ª Região - PB,2ª Região - PB,1,601,False
2ª Região - PB,2ª Região - PB,2,590,False
2ª Região - PB,2ª Região - PB,3,694,False
2ª Região - PB,2ª Região - PB,4,632,False
2ª Região - PB,2ª Região - PB,5,693,False
2ª Região - PB,2ª Região - PB,6,630,False
2ª Região - PB,2ª Região - PB,7,622,False
2ª Região - PB,2ª Região - PB,8,653,False
2ª Região - PB,2ª Região - PB,9,652,False
2ª Região - PB,2ª Região - PB,10,654,False
2ª Região - PB,2ª Região - PB,11,591,False
2ª Região - PB,2ª Região - PB,12,533,False
2ª Região - PB,4ª Região - PB,2,1,True
2ª Região - PB,4ª Região - PB,4,7,True
2ª Região - PB,4ª Região - PB,5,5,True
2ª Região - PB,4ª Região - PB,6,1,True
2ª Região - PB,4ª Região - PB,8,1,True
2ª Região - PB,4ª Região - PB,9,13,True
2ª Região - PB,4ª Região - PB,10,7,True
2ª Região - PB,4ª Região - PB,11,2,True
2ª Região - PB,5ª Região - PB,3,1,True
2ª Região - PB,6ª Região - PB,2,1,True
2ª Região - PB,6ª Região - PB,7,2,True
2ª Região - PB,6ª Região - PB,11,1,True
2ª Região - PB,6ª Região - PB,12,1,True
2ª Região - PB,8ª Região - PB,5,1,True
3ª Região - PB,12ª Região - PB,1,2,True
3ª Região - PB,12ª Região - PB,2,3,True
3ª Região - PB,12ª Região - PB,3,6,True
3ª Região - PB,12ª Região - PB,4,10,True
3ª Região - PB,12ª Região - PB,5,12,True
3ª Região - PB,12ª Região - PB,6,17,True
3ª Região - PB,12ª Região - PB,7,18,True
3ª Região - PB,12ª Região - PB,8,2,True
3ª Região - PB,12ª Região - PB,9,7,True
3ª Região - PB,13ª Região - PB,8,1,True
3ª Região - PB,14ª Região - PB,1,1,True
3ª Região - PB,14ª Região - PB,2,3,True
3ª Região - PB,14ª Região - PB,3,1,True
3ª Região - PB,14ª Região - PB,4,3,True
3ª Região - PB,14ª Região - PB,5,2,True
3ª Região - PB,14ª Região - PB,6,1,True
3ª Região - PB,14ª Região - PB,8,6,True
3ª Região - PB,14ª Região - PB,9,1,True
3ª Região - PB,14ª Região - PB,10,8,True
3ª Região - PB,14ª Região - PB,11,3,True
3ª Região - PB,14ª Região - PB,12,1,True
3ª Região - PB,15ª Região - PB,1,22,True
3ª Região - PB,15ª Região - PB,2,23,True
3ª Região - PB,15ª Região - PB,3,20,True
3ª Região - PB,15ª Região - PB,4,19,True
3ª Região - PB,15ª Região - PB,5,34,True
3ª Região - PB,15ª Região - PB,6,36,True
3ª Região - PB,15ª Região - PB,7,27,True
3ª Região - PB,15ª Região - PB,8,44,True
3ª Região - PB,15ª Região - PB,9,18,True
3ª Região - PB,15ª Região - PB,10,42,True
3ª Região - PB,15ª Região - PB,11,21,True
3ª Região - PB,15ª Região - PB,12,25,True
3ª Região - PB,16ª Região - PB,1,583,True
3ª Região - PB,16ª Região - PB,2,530,True
3ª Região - PB,16ª Região - PB,3,716,True
3ª Região - PB,16ª Região - PB,4,667,True
3ª Região - PB,16ª Região - PB,5,644,True
3ª Região - PB,16ª Região - PB,6,666,True
3ª Região - PB,16ª Região - PB,7,712,True
3ª Região - PB,16ª Região - PB,8,693,True
3ª Região - PB,16ª Região - PB,9,682,True
3ª Região - PB,16ª Região - PB,10,601,True
3ª Região - PB,16ª Região - PB,11,622,True
3ª Região - PB,16ª Região - PB,12,523,True
3ª Região - PB,1ª Região Mata Atlântica - PB,1,42,True
3ª Região - PB,1ª Região Mata Atlântica - PB,2,58,True
3ª Região - PB,1ª Região Mata Atlântica - PB,3,46,True
3ª Região - PB,1ª Região Mata Atlântica - PB,4,63,True
3ª Região - PB,1ª Região Mata Atlântica - PB,5,62,True
3ª Região - PB,1ª Região Mata Atlântica - PB,6,54,True
3ª Região - PB,1ª Região Mata Atlântica - PB,7,56,True
3ª Região - PB,1ª Região Mata Atlântica - PB,8,70,True
3ª Região - PB,1ª Região Mata Atlântica - PB,9,57,True
3ª Região - PB,1ª Região Mata Atlântica - PB,10,71,True
3ª Região - PB,1ª Região Mata Atlântica - PB,11,50,True
3ª Região - PB,1ª Região Mata Atlântica - PB,12,64,True
3ª Região - PB,2ª Região - PB,1,3,True
3ª Região - PB,2ª Região - PB,2,10,True
3ª Região - PB,2ª Região - PB,3,15,True
3ª Região - PB,2ª Região - PB,4,30,True
3ª Região - PB,2ª Região - PB,5,20,True
3ª Região - PB,2ª Região - PB,6,16,True
3ª Região - PB,2ª Região - PB,7,24,True
3ª Região - PB,2ª Região - PB,8,22,True
3ª Região - PB,2ª Região - PB,9,10,True
3ª Região - PB,2ª Região - PB,10,19,True
3ª Região - PB,2ª Região - PB,11,12,True
3ª Região - PB,2ª Região - PB,12,8,True
3ª Região - PB,3ª Região - PB,1,148,False
3ª Região - PB,3ª Região - PB,2,113,False
3ª Região - PB,3ª Região - PB,3,113,False
3ª Região - PB,3ª Região - PB,4,125,False
3ª Região - PB,3ª Região - PB,5,183,False
3ª Região - PB,3ª Região - PB,6,186,False
3ª Região - PB,3ª Região - PB,7,125,False
3ª Região - PB,3ª Região - PB,8,133,False
3ª Região - PB,3ª Região - PB,9,221,False
3ª Região - PB,3ª Região - PB,10,136,False
3ª Região - PB,3ª Região - PB,11,97,False
3ª Região - PB,3ª Região - PB,12,92,False
3ª Região - PB,4ª Região - PB,1,4,True
3ª Região - PB,4ª Região - PB,2,9,True
3ª Região - PB,4ª Região - PB,3,12,True
3ª Região - PB,4ª Região - PB,4,14,True
3ª Região - PB,4ª Região - PB,5,10,True
3ª Região - PB,4ª Região - PB,6,19,True
3ª Região - PB,4ª Região - PB,7,17,True
3ª Região - PB,4ª Região - PB,8,15,True
3ª Região - PB,4ª Região - PB,9,12,True
3ª Região - PB,4ª Região - PB,10,11,True
3ª Região - PB,4ª Região - PB,11,13,True
3ª Região - PB,4ª Região - PB,12,8,True
3ª Região - PB,5ª Região - PB,1,5,True
3ª Região - PB,5ª Região - PB,2,1,True
3ª Região - PB,5ª Região - PB,4,1,True
3ª Região - PB,5ª Região - PB,5,4,True
3ª Região - PB,5ª Região - PB,9,2,True
3ª Região - PB,5ª Região - PB,10,2,True
3ª Região - PB,5ª Região - PB,11,3,True
3ª Região - PB,5ª Região - PB,12,1,True
3ª Região - PB,6ª Região - PB,3,1,True
3ª Região - PB,6ª Região - PB,6,2,True
3ª Região - PB,6ª Região - PB,7,6,True
3ª Região - PB,6ª Região - PB,8,2,True
3ª Região - PB,6ª Região - PB,9,1,True
3ª Região - PB,6ª Região - PB,10,1,True
3ª Região - PB,6ª Região - PB,11,1,True
3ª Região - PB,6ª Região - PB,12,5,True
3ª Região - PB,9ª Região - PB,11,1,True
4ª Região - PB,10ª Região - PB,3,1,True
4ª Região - PB,12ª Região - PB,7,1,True
4ª Região - PB,14ª Região - PB,3,1,True
4ª Região - PB,14ª Região - PB,5,2,True
4ª Região - PB,14ª Região - PB,6,1,True
4ª Região - PB,14ª Região - PB,9,2,True
4ª Região - PB,14ª Região - PB,10,1,True
4ª Região - PB,14ª Região - PB,12,1,True
4ª Região - PB,15ª Região - PB,1,12,True
4ª Região - PB,15ª Região - PB,2,7,True
4ª Região - PB,15ª Região - PB,3,17,True
4ª Região - PB,15ª Região - PB,4,13,True
4ª Região - PB,15ª Região - PB,5,20,True
4ª Região - PB,15ª Região - PB,6,20,True
4ª Região - PB,15ª Região - PB,7,17,True
4ª Região - PB,15ª Região - PB,8,20,True
4ª Região - PB,15ª Região - PB,9,17,True
4ª Região - PB,15ª Região - PB,10,8,True
4ª Região - PB,15ª Região - PB,11,14,True
4ª Região - PB,15ª Região - PB,12,19,True
4ª Região - PB,16ª Região - PB,1,277,True
4ª Região - PB,16ª Região - PB,2,238,True
4ª Região - PB,16ª Região - PB,3,299,True
4ª Região - PB,16ª Região - PB,4,260,True
4ª Região - PB,16ª Região - PB,5,279,True
4ª Região - PB,16ª Região - PB,6,288,True
4ª Região - PB,16ª Região - PB,7,261,True
4ª Região - PB,16ª Região - PB,8,291,True
4ª Região - PB,16ª Região - PB,9,306,True
4ª Região - PB,16ª Região - PB,10,262,True
4ª Região - PB,16ª Região - PB,11,212,True
4ª Região - PB,16ª Região - PB,12,172,True
4ª Região - PB,1ª Região Mata Atlântica - PB,1,29,True
4ª Região - PB,1ª Região Mata Atlântica - PB,2,56,True
4ª Região - PB,1ª Região Mata Atlântica - PB,3,21,True
4ª Região - PB,1ª Região Mata Atlântica - PB,4,45,True
4ª Região - PB,1ª Região Mata Atlântica - PB,5,22,True
4ª Região - PB,1ª Região Mata Atlântica - PB,6,38,True
4ª Região - PB,1ª Região Mata Atlântica - PB,7,29,True
4ª Região - PB,1ª Região Mata Atlântica - PB,8,37,True
4ª Região - PB,1ª Região Mata Atlântica - PB,9,32,True
4ª Região - PB,1ª Região Mata Atlântica - PB,10,38,True
4ª Região - PB,1ª Região Mata Atlântica - PB,11,19,True
4ª Região - PB,1ª Região Mata Atlântica - PB,12,40,True
4ª Região - PB,2ª Região - PB,1,3,True
4ª Região - PB,2ª Região - PB,3,7,True
4ª Região - PB,2ª Região - PB,5,2,True
4ª Região - PB,2ª Região - PB,6,1,True
4ª Região - PB,2ª Região - PB,7,2,True
4ª Região - PB,2ª Região - PB,8,7,True
4ª Região - PB,2ª Região - PB,9,1,True
4ª Região - PB,2ª Região - PB,10,2,True
4ª Região - PB,2ª Região - PB,11,1,True
4ª Região - PB,4ª Região - PB,1,201,False
4ª Região - PB,4ª Região - PB,2,249,False
4ª Região - PB,4ª Região - PB,3,276,False
4ª Região - PB,4ª Região - PB,4,340,False
4ª Região - PB,4ª Região - PB,5,240,False
4ª Região - PB,4ª Região - PB,6,309,False
4ª Região - PB,4ª Região - PB,7,330,False
4ª Região - PB,4ª Região - PB,8,287,False
4ª Região - PB,4ª Região - PB,9,257,False
4ª Região - PB,4ª Região - PB,10,285,False
4ª Região - PB,4ª Região - PB,11,227,False
4ª Região - PB,4ª Região - PB,12,237,False
4ª Região - PB,5ª Região - PB,1,16,True
4ª Região - PB,5ª Região - PB,2,4,True
4ª Região - PB,5ª Região - PB,4,1,True
4ª Região - PB,5ª Região - PB,5,1,True
4ª Região - PB,5ª Região - PB,6,1,True
4ª Região - PB,5ª Região - PB,7,2,True
4ª Região - PB,5ª Região - PB,9,15,True
4ª Região - PB,5ª Região - PB,10,8,True
4ª Região - PB,5ª Região - PB,11,2,True
4ª Região - PB,5ª Região - PB,12,2,True
4ª Região - PB,6ª Região - PB,1,1,True
4ª Região - PB,6ª Região - PB,3,1,True
4ª Região - PB,6ª Região - PB,6,2,True
4ª Região - PB,6ª Região - PB,8,1,True
4ª Região - PB,6ª Região - PB,9,1,True
4ª Região - PB,6ª Região - PB,11,3,True
4ª Região - PB,6ª Região - PB,12,4,True
4ª Região - PB,9ª Região - PB,9,1,True
5ª Região - PB,10ª Região - PB,8,1,True
5ª Região - PB,12ª Região - PB,7,1,True
5ª Região - PB,13ª Região - PB,3,1,True
5ª Região - PB,13ª Região - PB,8,2,True
5ª Região - PB,14ª Região - PB,8,1,True
5ª Região - PB,14ª Região - PB,11,1,True
5ª Região - PB,15ª Região - PB,1,1,True
5ª Região - PB,15ª Região - PB,2,2,True
5ª Região - PB,15ª Região - PB,4,1,True
5ª Região - PB,15ª Região - PB,5,6,True
5ª Região - PB,15ª Região - PB,6,2,True
5ª Região - PB,15ª Região - PB,7,4,True
5ª Região - PB,15ª Região - PB,8,3,True
5ª Região - PB,15ª Região - PB,9,5,True
5ª Região - PB,15ª Região - PB,10,2,True
5ª Região - PB,15ª Região - PB,11,1,True
5ª Região - PB,16ª Região - PB,1,288,True
5ª Região - PB,16ª Região - PB,2,220,True
5ª Região - PB,16ª Região - PB,3,257,True
5ª Região - PB,16ª Região - PB,4,249,True
5ª Região - PB,16ª Região - PB,5,291,True
5ª Região - PB,16ª Região - PB,6,270,True
5ª Região - PB,16ª Região - PB,7,273,True
5ª Região - PB,16ª Região - PB,8,281,True
5ª Região - PB,16ª Região - PB,9,295,True
5ª Região - PB,16ª Região - PB,10,269,True
5ª Região - PB,16ª Região - PB,11,232,True
5ª Região - PB,16ª Região - PB,12,186,True
5ª Região - PB,1ª Região Mata Atlântica - PB,1,27,True
5ª Região - PB,1ª Região Mata Atlântica - PB,2,40,True
5ª Região - PB,1ª Região Mata Atlântica - PB,3,31,True
5ª Região - PB,1ª Região Mata Atlântica - PB,4,41,True
5ª Região - PB,1ª Região Mata Atlântica - PB,5,28,True
5ª Região - PB,1ª Região Mata Atlântica - PB,6,31,True
5ª Região - PB,1ª Região Mata Atlântica - PB,7,36,True
5ª Região - PB,1ª Região Mata Atlântica - PB,8,32,True
5ª Região - PB,1ª Região Mata Atlântica - PB,9,25,True
5ª Região - PB,1ª Região Mata Atlântica - PB,10,27,True
5ª Região - PB,1ª Região Mata Atlântica - PB,11,33,True
5ª Região - PB,1ª Região Mata Atlântica - PB,12,22,True
5ª Região - PB,2ª Região - PB,4,1,True
5ª Região - PB,2ª Região - PB,6,2,True
5ª Região - PB,2ª Região - PB,7,2,True
5ª Região - PB,4ª Região - PB,2,1,True
5ª Região - PB,4ª Região - PB,4,6,True
5ª Região - PB,4ª Região - PB,5,4,True
5ª Região - PB,4ª Região - PB,6,3,True
5ª Região - PB,4ª Região - PB,7,2,True
5ª Região - PB,4ª Região - PB,8,6,True
5ª Região - PB,4ª Região - PB,9,4,True
5ª Região - PB,4ª Região - PB,10,3,True
5ª Região - PB,4ª Região - PB,11,5,True
5ª Região - PB,4ª Região - PB,12,2,True
5ª Região - PB,5ª Região - PB,1,304,False
5ª Região - PB,5ª Região - PB,2,343,False
5ª Região - PB,5ª Região - PB,3,453,False
5ª Região - PB,5ª Região - PB,4,433,False
5ª Região - PB,5ª Região - PB,5,439,False
5ª Região - PB,5ª Região - PB,6,370,False
5ª Região - PB,5ª Região - PB,7,460,False
5ª Região - PB,5ª Região - PB,8,430,False
5ª Região - PB,5ª Região - PB,9,454,False
5ª Região - PB,5ª Região - PB,10,415,False
5ª Região - PB,5ª Região - PB,11,362,False
5ª Região - PB,5ª Região - PB,12,403,False
5ª Região - PB,6ª Região - PB,1,1,True
5ª Região - PB,6ª Região - PB,3,3,True
5ª Região - PB,6ª Região - PB,4,2,True
5ª Região - PB,6ª Região - PB,6,3,True
5ª Região - PB,6ª Região - PB,7,6,True
5ª Região - PB,6ª Região - PB,8,4,True
5ª Região - PB,6ª Região - PB,9,1,True
5ª Região - PB,6ª Região - PB,10,8,True
5ª Região - PB,6ª Região - PB,11,1,True
5ª Região - PB,6ª Região - PB,12,1,True
5ª Região - PB,8ª Região - PB,10,1,True
5ª Região - PB,9ª Região - PB,10,1,True
5ª Região - PB,9ª Região - PB,12,1,True
6ª Região - PB,10ª Região - PB,1,14,True
6ª Região - PB,10ª Região - PB,2,12,True
6ª Região - PB,10ª Região - PB,3,9,True
6ª Região - PB,10ª Região - PB,4,6,True
6ª Região - PB,10ª Região - PB,5,12,True
6ª Região - PB,10ª Região - PB,6,1,True
6ª Região - PB,10ª Região - PB,7,7,True
6ª Região - PB,10ª Região - PB,8,5,True
6ª Região - PB,10ª Região - PB,9,6,True
6ª Região - PB,10ª Região - PB,10,6,True
6ª Região - PB,10ª Região - PB,11,3,True
6ª Região - PB,10ª Região - PB,12,4,True
6ª Região - PB,11ª Região - PB,1,1,True
6ª Região - PB,11ª Região - PB,3,5,True
6ª Região - PB,11ª Região - PB,4,5,True
6ª Região - PB,11ª Região - PB,5,2,True
6ª Região - PB,11ª Região - PB,6,2,True
6ª Região - PB,11ª Região - PB,7,4,True
6ª Região - PB,11ª Região - PB,8,3,True
6ª Região - PB,11ª Região - PB,9,1,True
6ª Região - PB,11ª Região - PB,10,2,True
6ª Região - PB,12ª Região - PB,4,3,True
6ª Região - PB,12ª Região - PB,5,1,True
6ª Região - PB,12ª Região - PB,6,2,True
6ª Região - PB,12ª Região - PB,7,1,True
6ª Região - PB,12ª Região - PB,12,2,True
6ª Região - PB,13ª Região - PB,1,5,True
6ª Região - PB,13ª Região - PB,2,12,True
6ª Região - PB,13ª Região - PB,3,14,True
6ª Região - PB,13ª Região - PB,4,14,True
6ª Região - PB,13ª Região - PB,5,25,True
6ª Região - PB,13ª Região - PB,6,11,True
6ª Região - PB,13ª Região - PB,7,16,True
6ª Região - PB,13ª Região - PB,8,15,True
6ª Região - PB,13ª Região - PB,9,19,True
6ª Região - PB,13ª Região - PB,10,12,True
6ª Região - PB,13ª Região - PB,11,9,True
6ª Região - PB,13ª Região - PB,12,11,True
6ª Região - PB,14ª Região - PB,3,1,True
6ª Região - PB,14ª Região - PB,10,1,True
6ª Região - PB,14ª Região - PB,11,1,True
6ª Região - PB,14ª Região - PB,12,1,True
6ª Região - PB,15ª Região - PB,10,1,True
6ª Região - PB,16ª Região - PB,1,123,True
6ª Região - PB,16ª Região - PB,2,141,True
6ª Região - PB,16ª Região - PB,3,130,True
6ª Região - PB,16ª Região - PB,4,145,True
6ª Região - PB,16ª Região - PB,5,161,True
6ª Região - PB,16ª Região - PB,6,153,True
6ª Região - PB,16ª Região - PB,7,137,True
6ª Região - PB,16ª Região - PB,8,148,True
6ª Região - PB,16ª Região - PB,9,148,True
6ª Região - PB,16ª Região - PB,10,157,True
6ª Região - PB,16ª Região - PB,11,97,True
6ª Região - PB,16ª Região - PB,12,89,True
6ª Região - PB,1ª Região Mata Atlântica - PB,1,109,True
6ª Região - PB,1ª Região Mata Atlântica - PB,2,105,True
6ª Região - PB,1ª Região Mata Atlântica - PB,3,118,True
6ª Região - PB,1ª Região Mata Atlântica - PB,4,100,True
6ª Região - PB,1ª Região Mata Atlântica - PB,5,78,True
6ª Região - PB,1ª Região Mata Atlântica - PB,6,116,True
6ª Região - PB,1ª Região Mata Atlântica - PB,7,105,True
6ª Região - PB,1ª Região Mata Atlântica - PB,8,118,True
6ª Região - PB,1ª Região Mata Atlântica - PB,9,94,True
6ª Região - PB,1ª Região Mata Atlântica - PB,10,126,True
6ª Região - PB,1ª Região Mata Atlântica - PB,11,119,True
6ª Região - PB,1ª Região Mata Atlântica - PB,12,112,True
6ª Região - PB,2ª Região - PB,1,1,True
6ª Região - PB,2ª Região - PB,9,1,True
6ª Região - PB,2ª Região - PB,11,3,True
6ª Região - PB,2ª Região - PB,12,3,True
6ª Região - PB,4ª Região - PB,1,1,True
6ª Região - PB,4ª Região - PB,3,10,True
6ª Região - PB,4ª Região - PB,4,1,True
6ª Região - PB,4ª Região - PB,5,9,True
6ª Região - PB,4ª Região - PB,6,1,True
6ª Região - PB,4ª Região - PB,7,6,True
6ª Região - PB,4ª Região - PB,8,3,True
6ª Região - PB,4ª Região - PB,9,19,True
6ª Região - PB,4ª Região - PB,10,7,True
6ª Região - PB,4ª Região - PB,11,1,True
6ª Região - PB,5ª Região - PB,1,8,True
6ª Região - PB,5ª Região - PB,2,10,True
6ª Região - PB,5ª Região - PB,4,22,True
6ª Região - PB,5ª Região - PB,5,4,True
6ª Região - PB,5ª Região - PB,6,1,True
6ª Região - PB,5ª Região - PB,7,5,True
6ª Região - PB,5ª Região - PB,9,2,True
6ª Região - PB,5ª Região - PB,10,2,True
6ª Região - PB,5ª Região - PB,11,2,True
6ª Região - PB,5ª Região - PB,12,1,True
6ª Região - PB,6ª Região - PB,1,771,False
6ª Região - PB,6ª Região - PB,2,728,False
6ª Região - PB,6ª Região - PB,3,893,False
6ª Região - PB,6ª Região - PB,4,880,False
6ª Região - PB,6ª Região - PB,5,934,False
6ª Região - PB,6ª Região - PB,6,944,False
6ª Região - PB,6ª Região - PB,7,941,False
6ª Região - PB,6ª Região - PB,8,1001,False
6ª Região - PB,6ª Região - PB,9,972,False
6ª Região - PB,6ª Região - PB,10,954,False
6ª Região - PB,6ª Região - PB,11,927,False
6ª Região - PB,6ª Região - PB,12,854,False
6ª Região - PB,7ª Região - PB,1,12,True
6ª Região - PB,7ª Região - PB,2,11,True
6ª Região - PB,7ª Região - PB,3,11,True
6ª Região - PB,7ª Região - PB,4,9,True
6ª Região - PB,7ª Região - PB,5,7,True
6ª Região - PB,7ª Região - PB,6,6,True
6ª Região - PB,7ª Região - PB,7,3,True
6ª Região - PB,7ª Região - PB,8,8,True
6ª Região - PB,7ª Região - PB,9,5,True
6ª Região - PB,7ª Região - PB,10,6,True
6ª Região - PB,7ª Região - PB,11,4,True
6ª Região - PB,7ª Região - PB,12,4,True
6ª Região - PB,8ª Região - PB,2,7,True
6ª Região - PB,8ª Região - PB,3,5,True
6ª Região - PB,8ª Região - PB,4,3,True
6ª Região - PB,8ª Região - PB,5,3,True
6ª Região - PB,8ª Região - PB,6,2,True
6ª Região - PB,8ª Região - PB,7,5,True
6ª Região - PB,8ª Região - PB,8,3,True
6ª Região - PB,8ª Região - PB,9,7,True
6ª Região - PB,8ª Região - PB,10,4,True
6ª Região - PB,8ª Região - PB,11,1,True
6ª Região - PB,9ª Região - PB,2,1,True
6ª Região - PB,9ª Região - PB,6,2,True
6ª Região - PB,9ª Região - PB,8,3,True
6ª Região - PB,9ª Região - PB,9,2,True
6ª Região - PB,9ª Região - PB,11,1,True
7ª Região - PB,10ª Região - PB,1,18,True
7ª Região - PB,10ª Região - PB,2,17,True
7ª Região - PB,10ª Região - PB,3,24,True
7ª Região - PB,10ª Região - PB,4,10,True
7ª Região - PB,10ª Região - PB,5,8,True
7ª Região - PB,10ª Região - PB,6,5,True
7ª Região - PB,10ª Região - PB,7,10,True
7ª Região - PB,10ª Região - PB,8,5,True
7ª Região - PB,10ª Região - PB,9,15,True
7ª Região - PB,10ª Região - PB,10,9,True
7ª Região - PB,10ª Região - PB,11,11,True
7ª Região - PB,10ª Região - PB,12,6,True
7ª Região - PB,11ª Região - PB,1,1,True
7ª Região - PB,11ª Região - PB,3,1,True
7ª Região - PB,11ª Região - PB,10,3,True
7ª Região - PB,12ª Região - PB,1,1,True
7ª Região - PB,12ª Região - PB,5,1,True
7ª Região - PB,12ª Região - PB,9,1,True
7ª Região - PB,13ª Região - PB,1,48,True
7ª Região - PB,13ª Região - PB,2,97,True
7ª Região - PB,13ª Região - PB,3,133,True
7ª Região - PB,13ª Região - PB,4,35,True
7ª Região - PB,13ª Região - PB,5,97,True
7ª Região - PB,13ª Região - PB,6,68,True
7ª Região - PB,13ª Região - PB,7,86,True
7ª Região - PB,13ª Região - PB,8,82,True
7ª Região - PB,13ª Região - PB,9,90,True
7ª Região - PB,13ª Região - PB,10,112,True
7ª Região - PB,13ª Região - PB,11,57,True
7ª Região - PB,13ª Região - PB,12,135,True
7ª Região - PB,14ª Região - PB,6,3,True
7ª Região - PB,14ª Região - PB,7,1,True
7ª Região - PB,14ª Região - PB,8,1,True
7ª Região - PB,14ª Região - PB,9,1,True
7ª Região - PB,14ª Região - PB,10,1,True
7ª Região - PB,15ª Região - PB,2,1,True
7ª Região - PB,16ª Região - PB,1,43,True
7ª Região - PB,16ª Região - PB,2,69,True
7ª Região - PB,16ª Região - PB,3,35,True
7ª Região - PB,16ª Região - PB,4,62,True
7ª Região - PB,16ª Região - PB,5,85,True
7ª Região - PB,16ª Região - PB,6,62,True
7ª Região - PB,16ª Região - PB,7,74,True
7ª Região - PB,16ª Região - PB,8,74,True
7ª Região - PB,16ª Região - PB,9,53,True
7ª Região - PB,16ª Região - PB,10,62,True
7ª Região - PB,16ª Região - PB,11,53,True
7ª Região - PB,16ª Região - PB,12,29,True
7ª Região - PB,1ª Região Mata Atlântica - PB,1,60,True
7ª Região - PB,1ª Região Mata Atlântica - PB,2,56,True
7ª Região - PB,1ª Região Mata Atlântica - PB,3,69,True
7ª Região - PB,1ª Região Mata Atlântica - PB,4,65,True
7ª Região - PB,1ª Região Mata Atlântica - PB,5,79,True
7ª Região - PB,1ª Região Mata Atlântica - PB,6,73,True
7ª Região - PB,1ª Região Mata Atlântica - PB,7,91,True
7ª Região - PB,1ª Região Mata Atlântica - PB,8,70,True
7ª Região - PB,1ª Região Mata Atlântica - PB,9,82,True
7ª Região - PB,1ª Região Mata Atlântica - PB,10,77,True
7ª Região - PB,1ª Região Mata Atlântica - PB,11,78,True
7ª Região - PB,1ª Região Mata Atlântica - PB,12,67,True
7ª Região - PB,2ª Região - PB,2,1,True
7ª Região - PB,2ª Região - PB,7,1,True
7ª Região - PB,2ª Região - PB,12,1,True
7ª Região - PB,4ª Região - PB,5,2,True
7ª Região - PB,4ª Região - PB,7,2,True
7ª Região - PB,4ª Região - PB,9,6,True
7ª Região - PB,4ª Região - PB,10,2,True
7ª Região - PB,4ª Região - PB,11,1,True
7ª Região - PB,5ª Região - PB,2,1,True
7ª Região - PB,5ª Região - PB,7,2,True
7ª Região - PB,5ª Região - PB,9,2,True
7ª Região - PB,6ª Região - PB,1,116,True
7ª Região - PB,6ª Região - PB,2,151,True
7ª Região - PB,6ª Região - PB,3,122,True
7ª Região - PB,6ª Região - PB,4,135,True
7ª Região - PB,6ª Região - PB,5,131,True
7ª Região - PB,6ª Região - PB,6,162,True
7ª Região - PB,6ª Região - PB,7,164,True
7ª Região - PB,6ª Região - PB,8,178,True
7ª Região - PB,6ª Região - PB,9,168,True
7ª Região - PB,6ª Região - PB,10,164,True
7ª Região - PB,6ª Região - PB,11,164,True
7ª Região - PB,6ª Região - PB,12,159,True
7ª Região - PB,7ª Região - PB,1,267,False
7ª Região - PB,7ª Região - PB,2,280,False
7ª Região - PB,7ª Região - PB,3,298,False
7ª Região - PB,7ª Região - PB,4,306,False
7ª Região - PB,7ª Região - PB,5,305,False
7ª Região - PB,7ª Região - PB,6,411,False
7ª Região - PB,7ª Região - PB,7,368,False
7ª Região - PB,7ª Região - PB,8,414,False
7ª Região - PB,7ª Região - PB,9,332,False
7ª Região - PB,7ª Região - PB,10,333,False
7ª Região - PB,7ª Região - PB,11,296,False
7ª Região - PB,7ª Região - PB,12,280,False
7ª Região - PB,8ª Região - PB,1,3,True
7ª Região - PB,8ª Região - PB,2,33,True
7ª Região - PB,8ª Região - PB,3,14,True
7ª Região - PB,8ª Região - PB,4,48,True
7ª Região - PB,8ª Região - PB,5,9,True
7ª Região - PB,8ª Região - PB,6,3,True
7ª Região - PB,8ª Região - PB,7,9,True
7ª Região - PB,8ª Região - PB,8,12,True
7ª Região - PB,8ª Região - PB,9,21,True
7ª Região - PB,8ª Região - PB,10,12,True
7ª Região - PB,8ª Região - PB,11,12,True
7ª Região - PB,8ª Região - PB,12,5,True
7ª Região - PB,9ª Região - PB,1,16,True
7ª Região - PB,9ª Região - PB,2,13,True
7ª Região - PB,9ª Região - PB,3,22,True
7ª Região - PB,9ª Região - PB,4,16,True
7ª Região - PB,9ª Região - PB,5,25,True
7ª Região - PB,9ª Região - PB,6,27,True
7ª Região - PB,9ª Região - PB,7,20,True
7ª Região - PB,9ª Região - PB,8,24,True
7ª Região - PB,9ª Região - PB,9,29,True
7ª Região - PB,9ª Região - PB,10,17,True
7ª Região - PB,9ª Região - PB,11,19,True
7ª Região - PB,9ª Região - PB,12,23,True
8ª Região - PB,10ª Região - PB,1,9,True
8ª Região - PB,10ª Região - PB,2,12,True
8ª Região - PB,10ª Região - PB,3,16,True
8ª Região - PB,10ª Região - PB,4,13,True
8ª Região - PB,10ª Região - PB,5,25,True
8ª Região - PB,10ª Região - PB,6,16,True
8ª Região - PB,10ª Região - PB,7,19,True
8ª Região - PB,10ª Região - PB,8,17,True
8ª Região - PB,10ª Região - PB,9,14,True
8ª Região - PB,10ª Região - PB,10,11,True
8ª Região - PB,10ª Região - PB,11,14,True
8ª Região - PB,10ª Região - PB,12,11,True
8ª Região - PB,11ª Região - PB,7,1,True
8ª Região - PB,12ª Região - PB,10,1,True
8ª Região - PB,13ª Região - PB,1,26,True
8ª Região - PB,13ª Região - PB,2,28,True
8ª Região - PB,13ª Região - PB,3,36,True
8ª Região - PB,13ª Região - PB,4,20,True
8ª Região - PB,13ª Região - PB,5,36,True
8ª Região - PB,13ª Região - PB,6,34,True
8ª Região - PB,13ª Região - PB,7,29,True
8ª Região - PB,13ª Região - PB,8,21,True
8ª Região - PB,13ª Região - PB,9,26,True
8ª Região - PB,13ª Região - PB,10,16,True
8ª Região - PB,13ª Região - PB,11,22,True
8ª Região - PB,13ª Região - PB,12,29,True
8ª Região - PB,14ª Região - PB,8,2,True
8ª Região - PB,14ª Região - PB,10,2,True
8ª Região - PB,16ª Região - PB,1,34,True
8ª Região - PB,16ª Região - PB,2,26,True
8ª Região - PB,16ª Região - PB,3,42,True
8ª Região - PB,16ª Região - PB,4,37,True
8ª Região - PB,16ª Região - PB,5,32,True
8ª Região - PB,16ª Região - PB,6,45,True
8ª Região - PB,16ª Região - PB,7,38,True
8ª Região - PB,16ª Região - PB,8,25,True
8ª Região - PB,16ª Região - PB,9,34,True
8ª Região - PB,16ª Região - PB,10,21,True
8ª Região - PB,16ª Região - PB,11,32,True
8ª Região - PB,16ª Região - PB,12,20,True
8ª Região - PB,1ª Região Mata Atlântica - PB,1,53,True
8ª Região - PB,1ª Região Mata Atlântica - PB,2,48,True
8ª Região - PB,1ª Região Mata Atlântica - PB,3,64,True
8ª Região - PB,1ª Região Mata Atlântica - PB,4,40,True
8ª Região - PB,1ª Região Mata Atlântica - PB,5,54,True
8ª Região - PB,1ª Região Mata Atlântica - PB,6,63,True
8ª Região - PB,1ª Região Mata Atlântica - PB,7,76,True
8ª Região - PB,1ª Região Mata Atlântica - PB,8,58,True
8ª Região - PB,1ª Região Mata Atlântica - PB,9,52,True
8ª Região - PB,1ª Região Mata Atlântica - PB,10,69,True
8ª Região - PB,1ª Região Mata Atlântica - PB,11,58,True
8ª Região - PB,1ª Região Mata Atlântica - PB,12,52,True
8ª Região - PB,4ª Região - PB,1,2,True
8ª Região - PB,4ª Região - PB,4,1,True
8ª Região - PB,4ª Região - PB,7,1,True
8ª Região - PB,4ª Região - PB,9,3,True
8ª Região - PB,4ª Região - PB,10,1,True
8ª Região - PB,4ª Região - PB,12,1,True
8ª Região - PB,6ª Região - PB,1,65,True
8ª Região - PB,6ª Região - PB,2,84,True
8ª Região - PB,6ª Região - PB,3,67,True
8ª Região - PB,6ª Região - PB,4,98,True
8ª Região - PB,6ª Região - PB,5,72,True
8ª Região - PB,6ª Região - PB,6,61,True
8ª Região - PB,6ª Região - PB,7,73,True
8ª Região - PB,6ª Região - PB,8,83,True
8ª Região - PB,6ª Região - PB,9,85,True
8ª Região - PB,6ª Região - PB,10,87,True
8ª Região - PB,6ª Região - PB,11,93,True
8ª Região - PB,6ª Região - PB,12,62,True
8ª Região - PB,7ª Região - PB,1,1,True
8ª Região - PB,7ª Região - PB,2,1,True
8ª Região - PB,7ª Região - PB,3,1,True
8ª Região - PB,7ª Região - PB,4,1,True
8ª Região - PB,7ª Região - PB,5,1,True
8ª Região - PB,7ª Região - PB,8,3,True
8ª Região - PB,7ª Região - PB,9,3,True
8ª Região - PB,8ª Região - PB,1,382,False
8ª Região - PB,8ª Região - PB,2,276,False
8ª Região - PB,8ª Região - PB,3,421,False
8ª Região - PB,8ª Região - PB,4,377,False
8ª Região - PB,8ª Região - PB,5,536,False
8ª Região - PB,8ª Região - PB,6,446,False
8ª Região - PB,8ª Região - PB,7,434,False
8ª Região - PB,8ª Região - PB,8,470,False
8ª Região - PB,8ª Região - PB,9,438,False
8ª Região - PB,8ª Região - PB,10,462,False
8ª Região - PB,8ª Região - PB,11,430,False
8ª Região - PB,8ª Região - PB,12,376,False
8ª Região - PB,9ª Região - PB,1,1,True
8ª Região - PB,9ª Região - PB,2,2,True
8ª Região - PB,9ª Região - PB,3,1,True
8ª Região - PB,9ª Região - PB,4,2,True
8ª Região - PB,9ª Região - PB,5,1,True
8ª Região - PB,9ª Região - PB,7,1,True
8ª Região - PB,9ª Região - PB,8,3,True
8ª Região - PB,9ª Região - PB,10,1,True
8ª Região - PB,9ª Região - PB,11,3,True
9ª Região - PB,10ª Região - PB,1,26,True
9ª Região - PB,10ª Região - PB,2,21,True
9ª Região - PB,10ª Região - PB,3,37,True
9ª Região - PB,10ª Região - PB,4,28,True
9ª Região - PB,10ª Região - PB,5,31,True
9ª Região - PB,10ª Região - PB,6,41,True
9ª Região - PB,10ª Região - PB,7,29,True
9ª Região - PB,10ª Região - PB,8,25,True
9ª Região - PB,10ª Região - PB,9,38,True
9ª Região - PB,10ª Região - PB,10,37,True
9ª Região - PB,10ª Região - PB,11,37,True
9ª Região - PB,10ª Região - PB,12,43,True
9ª Região - PB,12ª Região - PB,6,1,True
9ª Região - PB,13ª Região - PB,1,3,True
9ª Região - PB,13ª Região - PB,2,4,True
9ª Região - PB,13ª Região - PB,3,6,True
9ª Região - PB,13ª Região - PB,4,3,True
9ª Região - PB,13ª Região - PB,5,7,True
9ª Região - PB,13ª Região - PB,6,4,True
9ª Região - PB,13ª Região - PB,7,10,True
9ª Região - PB,13ª Região - PB,8,7,True
9ª Região - PB,13ª Região - PB,9,12,True
9ª Região - PB,13ª Região - PB,10,7,True
9ª Região - PB,13ª Região - PB,11,3,True
9ª Região - PB,13ª Região - PB,12,2,True
9ª Região - PB,14ª Região - PB,9,1,True
9ª Região - PB,14ª Região - PB,10,3,True
9ª Região - PB,16ª Região - PB,1,41,True
9ª Região - PB,16ª Região - PB,2,43,True
9ª Região - PB,16ª Região - PB,3,45,True
9ª Região - PB,16ª Região - PB,4,44,True
9ª Região - PB,16ª Região - PB,5,43,True
9ª Região - PB,16ª Região - PB,6,48,True
9ª Região - PB,16ª Região - PB,7,38,True
9ª Região - PB,16ª Região - PB,8,37,True
9ª Região - PB,16ª Região - PB,9,31,True
9ª Região - PB,16ª Região - PB,10,47,True
9ª Região - PB,16ª Região - PB,11,42,True
9ª Região - PB,16ª Região - PB,12,25,True
9ª Região - PB,1ª Região Mata Atlântica - PB,1,88,True
9ª Região - PB,1ª Região Mata Atlântica - PB,2,94,True
9ª Região - PB,1ª Região Mata Atlântica - PB,3,96,True
9ª Região - PB,1ª Região Mata Atlântica - PB,4,83,True
9ª Região - PB,1ª Região Mata Atlântica - PB,5,120,True
9ª Região - PB,1ª Região Mata Atlântica - PB,6,106,True
9ª Região - PB,1ª Região Mata Atlântica - PB,7,88,True
9ª Região - PB,1ª Região Mata Atlântica - PB,8,109,True
9ª Região - PB,1ª Região Mata Atlântica - PB,9,91,True
9ª Região - PB,1ª Região Mata Atlântica - PB,10,102,True
9ª Região - PB,1ª Região Mata Atlântica - PB,11,97,True
9ª Região - PB,1ª Região Mata Atlântica - PB,12,101,True
9ª Região - PB,2ª Região - PB,3,1,True
9ª Região - PB,2ª Região - PB,11,1,True
9ª Região - PB,4ª Região - PB,9,3,True
9ª Região - PB,4ª Região - PB,10,2,True
9ª Região - PB,5ª Região - PB,3,1,True
9ª Região - PB,5ª Região - PB,4,1,True
9ª Região - PB,5ª Região - PB,7,3,True
9ª Região - PB,6ª Região - PB,1,59,True
9ª Região - PB,6ª Região - PB,2,50,True
9ª Região - PB,6ª Região - PB,3,56,True
9ª Região - PB,6ª Região - PB,4,46,True
9ª Região - PB,6ª Região - PB,5,67,True
9ª Região - PB,6ª Região - PB,6,50,True
9ª Região - PB,6ª Região - PB,7,58,True
9ª Região - PB,6ª Região - PB,8,63,True
9ª Região - PB,6ª Região - PB,9,45,True
9ª Região - PB,6ª Região - PB,10,64,True
9ª Região - PB,6ª Região - PB,11,55,True
9ª Região - PB,6ª Região - PB,12,44,True
9ª Região - PB,7ª Região - PB,1,4,True
9ª Região - PB,7ª Região - PB,2,2,True
9ª Região - PB,7ª Região - PB,3,1,True
9ª Região - PB,7ª Região - PB,4,2,True
9ª Região - PB,7ª Região - PB,5,4,True
9ª Região - PB,7ª Região - PB,6,3,True
9ª Região - PB,7ª Região - PB,7,2,True
9ª Região - PB,7ª Região - PB,9,3,True
9ª Região - PB,7ª Região - PB,10,1,True
9ª Região - PB,7ª Região - PB,11,3,True
9ª Região - PB,7ª Região - PB,12,2,True
9ª Região - PB,8ª Região - PB,1,2,True
9ª Região - PB,8ª Região - PB,2,8,True
9ª Região - PB,8ª Região - PB,3,5,True
9ª Região - PB,8ª Região - PB,4,8,True
9ª Região - PB,8ª Região - PB,5,6,True
9ª Região - PB,8ª Região - PB,6,3,True
9ª Região - PB,8ª Região - PB,7,6,True
9ª Região - PB,8ª Região - PB,8,15,True
9ª Região - PB,8ª Região - PB,9,10,True
9ª Região - PB,8ª Região - PB,10,4,True
9ª Região - PB,8ª Região - PB,11,1,True
9ª Região - PB,8ª Região - PB,12,3,True
9ª Região - PB,9ª Região - PB,1,769,False
9ª Região - PB,9ª Região - PB,2,735,False
9ª Região - PB,9ª Região - PB,3,832,False
9ª Região - PB,9ª Região - PB,4,956,False
9ª Região - PB,9ª Região - PB,5,919,False
9ª Região - PB,9ª Região - PB,6,906,False
9ª Região - PB,9ª Região - PB,7,929,False
9ª Região - PB,9ª Região - PB,8,887,False
9ª Região - PB,9ª Região - PB,9,914,False
9ª Região - PB,9ª Região - PB,10,876,False
9ª Região - PB,9ª Região - PB,11,899,False
9ª Região - PB,9ª Região - PB,12,871,False
Fora da PB,10ª Região - PB,3,1,True
Fora da PB,10ª Região - PB,5,1,True
Fora da PB,10ª Região - PB,7,2,True
Fora da PB,10ª Região - PB,8,1,True
Fora da PB,10ª Região - PB,11,1,True
Fora da PB,10ª Região - PB,12,1,True
Fora da PB,11ª Região - PB,1,1,True
Fora da PB,11ª Região - PB,3,1,True
Fora da PB,11ª Região - PB,5,1,True
Fora da PB,11ª Região - PB,6,1,True
Fora da PB,11ª Região - PB,7,3,True
Fora da PB,11ª Região - PB,8,2,True
Fora da PB,11ª Região - PB,11,2,True
Fora da PB,11ª Região - PB,12,1,True
Fora da PB,12ª Região - PB,1,2,True
Fora da PB,12ª Região - PB,2,3,True
Fora da PB,12ª Região - PB,3,3,True
Fora da PB,12ª Região - PB,4,2,True
Fora da PB,12ª Região - PB,5,3,True
Fora da PB,12ª Região - PB,6,4,True
Fora da PB,12ª Região - PB,7,2,True
Fora da PB,12ª Região - PB,8,5,True
Fora da PB,12ª Região - PB,9,3,True
Fora da PB,12ª Região - PB,10,3,True
Fora da PB,12ª Região - PB,11,1,True
Fora da PB,12ª Região - PB,12,2,True
Fora da PB,13ª Região - PB,1,2,True
Fora da PB,13ª Região - PB,2,1,True
Fora da PB,13ª Região - PB,4,1,True
Fora da PB,13ª Região - PB,5,1,True
Fora da PB,13ª Região - PB,7,3,True
Fora da PB,13ª Região - PB,8,8,True
Fora da PB,13ª Região - PB,9,1,True
Fora da PB,13ª Região - PB,10,2,True
Fora da PB,13ª Região - PB,11,2,True
Fora da PB,13ª Região - PB,12,3,True
Fora da PB,14ª Região - PB,1,2,True
Fora da PB,14ª Região - PB,2,1,True
Fora da PB,14ª Região - PB,4,2,True
Fora da PB,14ª Região - PB,5,1,True
Fora da PB,14ª Região - PB,7,1,True
Fora da PB,14ª Região - PB,8,1,True
Fora da PB,14ª Região - PB,9,2,True
Fora da PB,14ª Região - PB,10,6,True
Fora da PB,14ª Região - PB,11,1,True
Fora da PB,14ª Região - PB,12,3,True
Fora da PB,15ª Região - PB,5,1,True
Fora da PB,15ª Região - PB,6,1,True
Fora da PB,15ª Região - PB,7,1,True
Fora da PB,15ª Região - PB,8,2,True
Fora da PB,15ª Região - PB,10,1,True
Fora da PB,16ª Região - PB,1,22,True
Fora da PB,16ª Região - PB,2,21,True
Fora da PB,16ª Região - PB,3,23,True
Fora da PB,16ª Região - PB,4,26,True
Fora da PB,16ª Região - PB,5,23,True
Fora da PB,16ª Região - PB,6,36,True
Fora da PB,16ª Região - PB,7,32,True
Fora da PB,16ª Região - PB,8,34,True
Fora da PB,16ª Região - PB,9,33,True
Fora da PB,16ª Região - PB,10,36,True
Fora da PB,16ª Região - PB,11,28,True
Fora da PB,16ª Região - PB,12,25,True
Fora da PB,1ª Região Mata Atlântica - PB,1,74,True
Fora da PB,1ª Região Mata Atlântica - PB,2,64,True
Fora da PB,1ª Região Mata Atlântica - PB,3,57,True
Fora da PB,1ª Região Mata Atlântica - PB,4,74,True
Fora da PB,1ª Região Mata Atlântica - PB,5,56,True
Fora da PB,1ª Região Mata Atlântica - PB,6,52,True
Fora da PB,1ª Região Mata Atlântica - PB,7,60,True
Fora da PB,1ª Região Mata Atlântica - PB,8,64,True
Fora da PB,1ª Região Mata Atlântica - PB,9,67,True
Fora da PB,1ª Região Mata Atlântica - PB,10,59,True
Fora da PB,1ª Região Mata Atlântica - PB,11,63,True
Fora da PB,1ª Região Mata Atlântica - PB,12,72,True
Fora da PB,2ª Região - PB,1,1,True
Fora da PB,2ª Região - PB,2,1,True
Fora da PB,2ª Região - PB,3,1,True
Fora da PB,2ª Região - PB,7,1,True
Fora da PB,2ª Região - PB,8,1,True
Fora da PB,2ª Região - PB,12,2,True
Fora da PB,4ª Região - PB,1,1,True
Fora da PB,4ª Região - PB,3,1,True
Fora da PB,4ª Região - PB,5,2,True
Fora da PB,4ª Região - PB,6,1,True
Fora da PB,4ª Região - PB,8,3,True
Fora da PB,4ª Região - PB,9,1,True
Fora da PB,4ª Região - PB,11,1,True
Fora da PB,5ª Região - PB,1,11,True
Fora da PB,5ª Região - PB,2,12,True
Fora da PB,5ª Região - PB,3,14,True
Fora da PB,5ª Região - PB,4,11,True
Fora da PB,5ª Região - PB,5,11,True
Fora da PB,5ª Região - PB,6,5,True
Fora da PB,5ª Região - PB,7,8,True
Fora da PB,5ª Região - PB,8,11,True
Fora da PB,5ª Região - PB,9,16,True
Fora da PB,5ª Região - PB,10,13,True
Fora da PB,5ª Região - PB,11,20,True
Fora da PB,5ª Região - PB,12,19,True
Fora da PB,6ª Região - PB,2,2,True
Fora da PB,6ª Região - PB,3,4,True
Fora da PB,6ª Região - PB,4,3,True
Fora da PB,6ª Região - PB,5,3,True
Fora da PB,6ª Região - PB,6,1,True
Fora da PB,6ª Região - PB,7,2,True
Fora da PB,6ª Região - PB,8,1,True
Fora da PB,6ª Região - PB,10,2,True
Fora da PB,6ª Região - PB,11,2,True
Fora da PB,6ª Região - PB,12,1,True
Fora da PB,7ª Região - PB,1,2,True
Fora da PB,7ª Região - PB,2,4,True
Fora da PB,7ª Região - PB,7,1,True
Fora da PB,7ª Região - PB,9,1,True
Fora da PB,7ª Região - PB,11,1,True
Fora da PB,7ª Região - PB,12,1,True
Fora da PB,8ª Região - PB,1,2,True
Fora da PB,8ª Região - PB,2,4,True
Fora da PB,8ª Região - PB,3,2,True
Fora da PB,8ª Região - PB,4,3,True
Fora da PB,8ª Região - PB,6,6,True
Fora da PB,8ª Região - PB,7,1,True
Fora da PB,8ª Região - PB,8,3,True
Fora da PB,8ª Região - PB,9,3,True
Fora da PB,8ª Região - PB,10,5,True
Fora da PB,8ª Região - PB,11,1,True
Fora da PB,8ª Região - PB,12,3,True
Fora da PB,9ª Região - PB,1,3,True
Fora da PB,9ª Região - PB,2,4,True
Fora da PB,9ª Região - PB,3,2,True
Fora da PB,9ª Região - PB,4,7,True
Fora da PB,9ª Região - PB,5,9,True
Fora da PB,9ª Região - PB,6,3,True
Fora da PB,9ª Região - PB,7,9,True
Fora da PB,9ª Região - PB,8,7,True
Fora da PB,9ª Região - PB,9,4,True
Fora da PB,9ª Região - PB,10,8,True
Fora da PB,9ª Região - PB,11,7,True
Fora da PB,9ª Região - PB,12,4,True
