cod_mun,nome_mun,lon,lat
250010,Água Branca,-37.662704,-7.470275
250020,Aguiar,-38.213902,-7.074109
250030,Alagoa Grande,-35.602558,-7.058849
250040,Alagoa Nova,-35.76668,-7.06162
250050,Alagoinha,-35.522234,-6.961789
250053,Alcantil,-36.046818,-7.690161
250057,Algodão de Jandaíra,-35.97224,-6.887998
250060,Alhandra,-34.933087,-7.34862
250070,São João do Rio do Peixe,-38.417994,-6.732663
250073,Amparo,-37.039335,-7.560899
250077,Aparecida,-38.068022,-6.789406
250080,Araçagi,-35.354153,-6.861182
250090,Arara,-35.731,-6.858373
250100,Araruna,-35.755238,-6.524424
250110,Areia,-35.705347,-6.95031
250115,Areia de Baraúnas,-36.961601,-7.11186
250120,Areial,-35.93114,-7.049437
250130,Aroeiras,-35.691144,-7.535322
250135,Assunção,-36.710582,-7.073582
250140,Baía da Traição,-34.988564,-6.663337
250150,Bananeiras,-35.596183,-6.700153
250153,Baraúna,-36.261205,-6.620636
250157,Barra de Santana,-35.965834,-7.564922
250160,Barra de Santa Rosa,-36.075996,-6.791283
250170,Barra de São Miguel,-36.286379,-7.700376
250180,Bayeux,-34.921495,-7.131784
250190,Belém,-35.498175,-6.705379
250200,Belém do Brejo do Cruz,-37.366109,-6.148949
250205,Bernardino Batista,-38.555874,-6.481276
250210,Boa Ventura,-38.188217,-7.431088
250215,Boa Vista,-36.218682,-7.271706
250220,Bom Jesus,-38.630349,-6.822263
250230,Bom Sucesso,-37.947492,-6.47487
250240,Bonito de Santa Fé,-38.478309,-7.289253
250250,Boqueirão,-36.149745,-7.506586
250260,Igaracy,-38.124182,-7.155238
250270,Borborema,-35.600912,-6.793968
250280,Brejo do Cruz,-37.497097,-6.329781
250290,Brejo dos Santos,-37.846404,-6.398408
250300,Caaporã,-34.919133,-7.486751
250310,Cabaceiras,-36.298997,-7.451143
250320,Cabedelo,-34.845019,-7.037151
250330,Cachoeira dos Índios,-38.69556,-6.945801
250340,Cacimba de Areia,-37.173566,-7.138683
250350,Cacimba de Dentro,-35.81357,-6.624624
250355,Cacimbas,-37.090384,-7.20948
250360,Caiçara,-35.411665,-6.606448
250370,Cajazeiras,-38.541079,-6.919817
250375,Cajazeirinhas,-37.80339,-6.959016
250380,Caldas Brandão,-35.339106,-7.120656
250390,Camalaú,-36.79698,-7.899711
250400,Campina Grande,-35.965568,-7.263469
250403,Capim,-35.168192,-6.901083
250407,Caraúbas,-36.502448,-7.77416
250410,Carrapateira,-38.337624,-7.044481
250415,Casserengue,-35.842934,-6.755095
250420,Catingueira,-37.590719,-7.138647
250430,Catolé do Rocha,-37.704412,-6.321308
250435,Caturité,-36.057779,-7.415875
250440,Conceição,-38.528387,-7.503789
250450,Condado,-37.615289,-6.905197
250460,Conde,-34.860429,-7.28186
250470,Congo,-36.646461,-7.795191
250480,Coremas,-37.975148,-7.05041
250485,Coxixola,-36.634361,-7.645214
250490,Cruz do Espírito Santo,-35.102773,-7.149011
250500,Cubati,-36.326716,-6.860634
250510,Cuité,-36.078381,-6.548637
250520,Cuitegi,-35.523205,-6.899147
250523,Cuité de Mamanguape,-35.251744,-6.906001
250527,Curral de Cima,-35.28518,-6.733893
250530,Curral Velho,-38.168094,-7.537925
250535,Damião,-35.930321,-6.643425
250540,Desterro,-37.092839,-7.29996
250550,Vista Serrana,-37.575359,-6.75702
250560,Diamante,-38.315315,-7.423793
250570,Dona Inês,-35.647842,-6.609168
250580,Duas Estradas,-35.395968,-6.720555
250590,Emas,-37.745174,-7.086596
250600,Esperança,-35.890086,-6.998469
250610,Fagundes,-35.779998,-7.390949
250620,Frei Martinho,-36.449466,-6.414407
250625,Gado Bravo,-35.812408,-7.589627
250630,Guarabira,-35.447856,-6.877995
250640,Gurinhém,-35.435825,-7.149625
250650,Gurjão,-36.457697,-7.261252
250660,Ibiara,-38.403829,-7.491553
250670,Imaculada,-37.558054,-7.370927
250680,Ingá,-35.621163,-7.278449
250690,Itabaiana,-35.354196,-7.348468
250700,Itaporanga,-38.186456,-7.286508
250710,Itapororoca,-35.256767,-6.810018
250720,Itatuba,-35.647055,-7.405122
250730,Jacaraú,-35.268094,-6.595642
250740,Jericó,-37.817231,-6.508714
250750,João Pessoa,-34.86951,-7.165429
250760,Juarez Távora,-35.570464,-7.159155
250770,Juazeirinho,-36.55858,-7.054998
250780,Junco do Seridó,-36.774429,-6.99121
250790,Juripiranga,-35.213756,-7.354759
250800,Juru,-37.803174,-7.50175
250810,Lagoa,-37.888093,-6.587674
250820,Lagoa de Dentro,-35.361401,-6.678814
250830,Lagoa Seca,-35.86681,-7.146216
250840,Lastro,-38.179842,-6.552545
250850,Livramento,-36.930928,-7.340526
250855,Logradouro,-35.427162,-6.554275
250860,Lucena,-34.912131,-6.918957
250870,Mãe d'Água,-37.439996,-7.248278
250880,Malta,-37.529853,-6.883503
250890,Mamanguape,-35.155892,-6.72054
250900,Manaíra,-38.204452,-7.72462
250905,Marcação,-35.005681,-6.747282
250910,Mari,-35.305978,-7.037506
250915,Marizópolis,-38.336728,-6.82158
250920,Massaranduba,-35.755914,-7.200718
250930,Mataraca,-35.043862,-6.556464
250933,Matinhas,-35.772339,-7.118536
250937,Mato Grosso,-37.737282,-6.548266
250939,Maturéia,-37.359192,-7.284596
250940,Mogeiro,-35.497151,-7.294734
250950,Montadas,-35.943633,-7.09023
250960,Monte Horebe,-38.537829,-7.20634
250970,Monteiro,-37.091894,-7.907662
250980,Mulungu,-35.420884,-6.999458
250990,Natuba,-35.563106,-7.560287
251000,Nazarezinho,-38.326887,-6.951026
251010,Nova Floresta,-36.20629,-6.476625
251020,Nova Olinda,-38.018291,-7.473307
251030,Nova Palmeira,-36.426334,-6.676175
251040,Olho d'Água,-37.754078,-7.284517
251050,Olivedos,-36.249117,-6.977067
251060,Ouro Velho,-37.137956,-7.609796
251065,Parari,-36.668708,-7.327221
251070,Passagem,-37.041053,-7.118517
251080,Patos,-37.316697,-6.995295
251090,Paulista,-37.608763,-6.627188
251100,Pedra Branca,-38.080552,-7.458421
251110,Pedra Lavrada,-36.388086,-6.773077
251120,Pedras de Fogo,-35.074432,-7.336234
251130,Piancó,-37.942206,-7.201247
251140,Picuí,-36.336994,-6.493191
251150,Pilar,-35.2667,-7.279172
251160,Pilões,-35.60837,-6.883029
251170,Pilõezinhos,-35.548929,-6.846328
251180,Pirpirituba,-35.495278,-6.790679
251190,Pitimbu,-34.841668,-7.431036
251200,Pocinhos,-36.093597,-7.062652
251203,Poço Dantas,-38.520155,-6.389618
251207,Poço de José de Moura,-38.498811,-6.593612
251210,Pombal,-37.850925,-6.772522
251220,Prata,-37.085708,-7.694715
251230,Princesa Isabel,-38.004993,-7.653486
251240,Puxinanã,-35.961438,-7.148689
251250,Queimadas,-35.913694,-7.399423
251260,Quixaba,-37.135138,-7.040607
251270,Remígio,-35.848954,-6.926924
251272,Pedro Régis,-35.291178,-6.668133
251274,Riachão,-35.647788,-6.54181
251275,Riachão do Bacamarte,-35.669803,-7.239688
251276,Riachão do Poço,-35.289836,-7.155135
251278,Riacho de Santo Antônio,-36.13764,-7.682669
251280,Riacho dos Cavalos,-37.635466,-6.478485
251290,Rio Tinto,-35.035979,-6.796905
251300,Salgadinho,-36.842002,-7.098665
251310,Salgado de São Félix,-35.463444,-7.414738
251315,Santa Cecília,-35.92146,-7.728778
251320,Santa Cruz,-38.05292,-6.548789
251330,Santa Helena,-38.584319,-6.730375
251335,Santa Inês,-38.577323,-7.666322
251340,Santa Luzia,-36.906577,-6.917231
251350,Santana de Mangueira,-38.331157,-7.628338
251360,Santana dos Garrotes,-37.960159,-7.387973
251365,Joca Claudino,-38.480842,-6.477125
251370,Santa Rita,-35.000023,-7.067403
251380,Santa Teresinha,-37.445319,-7.091224
251385,Santo André,-36.614772,-7.221017
251390,São Bento,-37.471216,-6.458785
251392,São Bentinho,-37.707093,-6.873717
251394,São Domingos do Cariri,-36.404762,-7.588201
251396,São Domingos,-37.950916,-6.804159
251398,São Francisco,-38.059532,-6.635196
251400,São João do Cariri,-36.494103,-7.451218
251410,São João do Tigre,-36.787323,-8.08872
251420,São José da Lagoa Tapada,-38.139545,-6.941307
251430,São José de Caiana,-38.32653,-7.260225
251440,São José de Espinharas,-37.379779,-6.813754
251445,São José dos Ramos,-35.346364,-7.241731
251450,São José de Piranhas,-38.49209,-7.100664
251455,São José de Princesa,-38.096254,-7.703355
251460,São José do Bonfim,-37.301037,-7.149492
251465,São José do Brejo do Cruz,-37.358332,-6.235548
251470,São José do Sabugi,-36.823435,-6.817231
251480,São José dos Cordeiros,-36.862694,-7.429114
251490,São Mamede,-37.084606,-6.927636
251500,São Miguel de Taipu,-35.198694,-7.240377
251510,São Sebastião de Lagoa de Roça,-35.854064,-7.089479
251520,São Sebastião do Umbuzeiro,-37.014761,-8.158018
251530,Sapé,-35.197129,-7.055521
251540,São Vicente do Seridó,-36.450353,-6.909165
251550,Serra Branca,-36.707899,-7.535355
251560,Serra da Raiz,-35.453112,-6.705406
251570,Serra Grande,-38.379654,-7.229622
251580,Serra Redonda,-35.663019,-7.171247
251590,Serraria,-35.644501,-6.833129
251593,Sertãozinho,-35.420886,-6.742115
251597,Sobrado,-35.256306,-7.18006
251600,Solânea,-35.724836,-6.75235
251610,Soledade,-36.370545,-7.100402
251615,Sossêgo,-36.209837,-6.723863
251620,Sousa,-38.225088,-6.739763
251630,Sumé,-36.900627,-7.678346
251640,Tacima,-35.518095,-6.538001
251650,Taperoá,-36.830578,-7.220803
251660,Tavares,-37.891809,-7.600022
251670,Teixeira,-37.240652,-7.245567
251675,Tenório,-36.626556,-6.96153
251680,Triunfo,-38.572471,-6.605593
251690,Uiraúna,-38.391683,-6.511031
251700,Umbuzeiro,-35.737402,-7.680587
251710,Várzea,-37.031297,-6.788479
251720,Vieirópolis,-38.268192,-6.560039
251740,Zabelê,-37.096271,-8.076703
